timestamp,symbol,signal,price,atr,target_qty,prev_pos,new_pos,side,order_id,realized_pnl,paper_trade,delta_pos,executed_qty,closed_qty,inferred_side,fees,gross_realized_pnl,cumulative_realized_pnl,entry_avg_price_post,trade_group_id
2025-08-11 18:12:18.267452,ADAUSDT,sell,0.7896,0.0119857142857142,-28.9163868241955,0.0,-28.0,SELL,56871585110,0.0,False,-28.0,28.0,0.0,SELL,0.00884352,0.0,0.0,0.7896,1
2025-08-11 18:25:25.099184,ADAUSDT,sell,0.7912,0.0120071428571428,-28.8935957894111,0.0,-28.0,SELL,56871840803,0.0,False,-28.0,28.0,0.0,SELL,0.00886144,0.0,0.0,0.7912,2
2025-08-11 18:32:06.837350,ADAUSDT,buy,0.793,0.0121499999999999,28.55387097119345,-28.0,28.0,BUY,56871964497,-0.0681632,False,56.0,56.0,28.0,BUY,0.0177632,-0.0504,-0.0681632,0.793,3
2025-08-11 18:39:57.500222,ADAUSDT,buy,0.7944,0.0122357142857142,28.30047015353185,0.0,28.0,BUY,56872103567,0.0,False,28.0,28.0,0.0,BUY,0.00889728,0.0,-0.0681632,0.7944,4
2025-08-11 18:43:37.154934,ADAUSDT,sell,0.7914,0.0122428571428571,-28.28395879404905,28.0,-28.0,SELL,56872182958,-0.10172736,False,-56.0,56.0,28.0,SELL,0.01772736,-0.084,-0.16989056,0.7914,5
2025-08-11 18:47:18.677701,ADAUSDT,buy,0.7923,0.0122428571428571,28.28395879404905,-28.0,28.0,BUY,56872262749,-0.04294752,False,56.0,56.0,28.0,BUY,0.01774752,-0.0252,-0.21283808,0.7923,6
2025-08-11 18:48:06.432864,ADAUSDT,sell,0.7919,0.0122428571428571,-28.28395879404905,28.0,-28.0,SELL,56872276442,-0.02893856,False,-56.0,56.0,28.0,SELL,0.01773856,-0.0112,-0.24177664,0.7919,7
2025-08-11 18:49:31.224197,ADAUSDT,buy,0.7923,0.0122428571428571,28.28395879404905,-28.0,28.0,BUY,56872302444,-0.02894752,False,56.0,56.0,28.0,BUY,0.01774752,-0.0112,-0.27072416,0.7923,8
2025-08-11 18:54:29.605035,ADAUSDT,sell,0.7922,0.0122571428571428,-28.2509938071096,28.0,-28.0,SELL,56872407880,-0.02054528,False,-56.0,56.0,28.0,SELL,0.01774528,-0.0028,-0.29126944,0.7922,9
2025-08-11 18:55:54.902927,ADAUSDT,buy,0.7931,0.0122571428571428,28.2509938071096,-28.0,28.0,BUY,56872434180,-0.04296544,False,56.0,56.0,28.0,BUY,0.01776544,-0.0252,-0.33423488,0.7931,10
2025-08-11 19:05:51.178071,ADAUSDT,sell,0.7918,0.0116999999999999,-29.59627922649576,28.0,-29.0,SELL,56872613015,-0.05445304,False,-57.0,57.0,28.0,SELL,0.01805304,-0.0364,-0.38868792,0.7918,11
2025-08-11 19:06:32.852828,ADAUSDT,buy,0.7922,0.0116999999999999,29.59627922649576,-29.0,29.0,BUY,56872624468,-0.02997904,False,58.0,58.0,29.0,BUY,0.01837904,-0.0116,-0.41866696,0.7922,12
2025-08-11 19:09:24.889690,ADAUSDT,sell,0.7918,0.0117071428571428,-29.57822170408789,29.0,-29.0,SELL,56872675974,-0.02996976,False,-58.0,58.0,29.0,SELL,0.01836976,-0.0116,-0.44863672,0.7918,13
2025-08-11 19:10:50.357739,ADAUSDT,buy,0.792,0.0117357142857142,29.50621142604995,-29.0,29.0,BUY,56872703843,-0.0241744,False,58.0,58.0,29.0,BUY,0.0183744,-0.0058,-0.47281112,0.792,14
2025-08-11 19:11:32.830490,ADAUSDT,sell,0.7915,0.0117357142857142,-29.50621142604995,29.0,-29.0,SELL,56872718121,-0.0328628,False,-58.0,58.0,29.0,SELL,0.0183628,-0.0145,-0.50567392,0.7915,15
2025-08-11 19:35:43.830942,ADAUSDT,buy,0.7923,0.0118928571428571,28.81844471291296,0.0,28.0,BUY,56873206982,0.0,False,28.0,28.0,0.0,BUY,0.00887376,0.0,-0.50567392,0.7923,16
2025-08-11 20:03:23.203251,ADAUSDT,sell,0.7836,0.0122999999999999,-27.85488973983741,0.0,-27.0,SELL,56873888761,0.0,False,-27.0,27.0,0.0,SELL,0.00846288,0.0,-0.50567392,0.7836,17
2025-08-11 20:06:55.357985,ADAUSDT,buy,0.785,0.0122999999999999,27.85488973983741,-27.0,27.0,BUY,56873955428,-0.054756,False,54.0,54.0,27.0,BUY,0.016956,-0.0378,-0.56042992,0.785,18
2025-08-11 20:07:37.937593,ADAUSDT,sell,0.7848,0.0123285714285714,-27.790336113557363,27.0,-27.0,SELL,56873971781,-0.02235168,False,-54.0,54.0,27.0,SELL,0.01695168,-0.0054,-0.5827816,0.7848,19
2025-08-11 20:10:31.817710,ADAUSDT,buy,0.7851,0.0123285714285714,27.790336113557363,-27.0,27.0,BUY,56874024470,-0.02505816,False,54.0,54.0,27.0,BUY,0.01695816,-0.0081,-0.60783976,0.7851,20
2025-08-11 20:11:15.794526,ADAUSDT,sell,0.783,0.0123285714285714,-27.790336113557363,27.0,-27.0,SELL,56874041206,-0.0736128,False,-54.0,54.0,27.0,SELL,0.0169128,-0.0567,-0.68145256,0.783,21
2025-08-11 20:32:54.640305,ADAUSDT,sell,0.7842,0.0123857142857142,-27.678143144752017,0.0,-27.0,SELL,56874454548,0.0,False,-27.0,27.0,0.0,SELL,0.00846936,0.0,-0.68145256,0.7842,22
2025-08-11 21:36:21.578800,ADAUSDT,sell,0.7727,0.0123071428571428,-13.964612333667656,0.0,-13.0,SELL,56875605478,0.0,False,-13.0,13.0,0.0,SELL,0.00401804,0.0,-0.68145256,0.7727,23
2025-08-11 21:36:59.960915,ADAUSDT,sell,0.7726,0.0123071428571428,-0.0,-13.0,0.0,BUY,56875625209,-0.00271752,False,13.0,13.0,13.0,BUY,0.00401752,0.0013,-0.68417008,0.0,23
2025-08-11 21:59:12.625655,ADAUSDT,sell,0.774,0.0123071428571428,-24.15519639302325,0.0,-24.0,SELL,56876072402,0.0,False,-24.0,24.0,0.0,SELL,0.0074304,0.0,-0.68417008,0.774,24
2025-08-11 21:59:41.504551,ADAUSDT,sell,0.7746,0.0123071428571428,-24.11683627662665,0.0,-24.0,SELL,56876080275,0.0,False,-24.0,24.0,0.0,SELL,0.00743616,0.0,-0.68417008,0.7746,25
2025-08-11 22:00:19.833041,ADAUSDT,buy,0.7747,0.0111714285714285,24.11372322173099,-24.0,24.0,BUY,56876093400,-0.01727424,False,48.0,48.0,24.0,BUY,0.01487424,-0.0024,-0.70144432,0.7747,26
2025-08-11 22:00:58.107894,ADAUSDT,sell,0.7749,0.0111857142857142,-24.10749952235772,24.0,-24.0,SELL,56876103901,-0.01007808,False,-48.0,48.0,24.0,SELL,0.01487808,0.0048,-0.7115224,0.7749,27
2025-08-11 22:01:36.737233,ADAUSDT,sell,0.7731,0.0112928571428571,-0.0,-24.0,0.0,BUY,56876122591,0.03577824,False,24.0,24.0,24.0,BUY,0.00742176,0.0432,-0.67574416,0.0,27
2025-08-11 22:03:35.105141,ADAUSDT,sell,0.7724,0.0113642857142857,-24.18552742086354,0.0,-24.0,SELL,56876175852,0.0,False,-24.0,24.0,0.0,SELL,0.00741504,0.0,-0.67574416,0.7724,28
2025-08-11 22:08:15.792914,ADAUSDT,sell,0.7703,0.0114928571428571,-24.168501112456187,0.0,-24.0,SELL,56876272053,0.0,False,-24.0,24.0,0.0,SELL,0.00739488,0.0,-0.67574416,0.7703,29
2025-08-11 22:10:15.932897,ADAUSDT,sell,0.7705,0.0115142857142857,-0.0,-24.0,0.0,BUY,56876303822,-0.0121968,False,24.0,24.0,24.0,BUY,0.0073968,-0.0048,-0.68794096,0.0,29
2025-08-11 22:14:05.223369,ADAUSDT,sell,0.7711,0.0115285714285714,-24.036755221890804,0.0,-24.0,SELL,56876376025,0.0,False,-24.0,24.0,0.0,SELL,0.00740256,0.0,-0.68794096,0.7711,30
2025-08-11 22:14:46.792542,ADAUSDT,sell,0.7714,0.0115285714285714,-0.0,-24.0,0.0,BUY,56876388781,-0.01460544,False,24.0,24.0,24.0,BUY,0.00740544,-0.0072,-0.7025464,0.0,30
2025-08-11 22:19:00.487330,ADAUSDT,sell,0.7709,0.0115285714285714,-24.042991246076014,0.0,-24.0,SELL,56876468847,0.0,False,-24.0,24.0,0.0,SELL,0.00740064,0.0,-0.7025464,0.7709,31
2025-08-11 22:19:46.105744,ADAUSDT,sell,0.7699,0.0115285714285714,-0.0,-24.0,0.0,BUY,56876487827,0.01660896,False,24.0,24.0,24.0,BUY,0.00739104,0.024,-0.68593744,0.0,31
2025-08-11 22:28:52.154224,ADAUSDT,sell,0.7688,0.0117714285714285,-24.114475193483344,0.0,-24.0,SELL,56876694558,0.0,False,-24.0,24.0,0.0,SELL,0.00738048,0.0,-0.68593744,0.7688,32
2025-08-11 22:29:32.945614,ADAUSDT,sell,0.7694,0.0117714285714285,-0.0,-24.0,0.0,BUY,56876708753,-0.02178624,False,24.0,24.0,24.0,BUY,0.00738624,-0.0144,-0.70772368,0.0,32
2025-08-11 22:32:14.787682,ADAUSDT,sell,0.7697,0.0117714285714285,-16.057518971677275,0.0,-16.0,SELL,56876764857,0.0,False,-16.0,16.0,0.0,SELL,0.00492608,0.0,-0.70772368,0.7697,33
2025-08-11 22:33:32.553112,ADAUSDT,sell,0.7709,0.0117714285714285,-0.0,-16.0,0.0,BUY,56876789126,-0.02413376,False,16.0,16.0,16.0,BUY,0.00493376,-0.0192,-0.73185744,0.0,33
2025-08-11 22:39:16.758065,ADAUSDT,sell,0.7719,0.0117714285714285,-30.279070791780025,0.0,-30.0,SELL,56876879023,0.0,False,-30.0,30.0,0.0,SELL,0.0092628,0.0,-0.73185744,0.7719,34
2025-08-11 22:39:56.076573,ADAUSDT,sell,0.7716,0.0117714285714285,-100.96947789949456,-30.0,-100.0,SELL,56876889382,0.0,False,-70.0,70.0,0.0,SELL,0.0216048,0.0,-0.73185744,0.77169,34
2025-08-11 22:41:14.497184,ADAUSDT,sell,0.7712,0.0117714285714285,-0.0,-100.0,0.0,BUY,56876915715,0.018152,False,100.0,100.0,100.0,BUY,0.030848,0.049,-0.71370544,0.0,34
2025-08-12 06:02:56.585251,ADAUSDT,sell,0.7779,0.0085928571428571,-29.980771555823367,0.0,-29.0,SELL,56884852264,0.0,False,-29.0,29.0,0.0,SELL,0.00902364,0.0,-0.71370544,0.7779,35
2025-08-12 06:05:05.429398,ADAUSDT,sell,0.7783,0.0086,-0.0,-29.0,0.0,BUY,56884885924,-0.02062828,False,29.0,29.0,29.0,BUY,0.00902828,-0.0116,-0.73433372,0.0,35
2025-08-12 06:07:14.515918,ADAUSDT,sell,0.7776,0.0086071428571428,-29.9923382115162,0.0,-29.0,SELL,56884921123,0.0,False,-29.0,29.0,0.0,SELL,0.00902016,0.0,-0.73433372,0.7776,36
2025-08-12 06:08:01.490247,ADAUSDT,sell,0.7779,0.0086071428571428,-0.0,-29.0,0.0,BUY,56884934880,-0.01772364,False,29.0,29.0,29.0,BUY,0.00902364,-0.0087,-0.75205736,0.0,36
2025-08-11 22:20:32.178487,APTUSDT,sell,4.521,0.0715714285714286,-4.0996996132714,0.0,-4.0,SELL,17164104901,0.0,False,-4.0,4.0,0.0,SELL,0.0072336,0.0,-0.75205736,4.521,1
2025-08-11 22:21:59.018028,APTUSDT,buy,4.516,0.072,0.0,-4.0,0.0,BUY,17164129354,0.0127744,False,4.0,4.0,4.0,BUY,0.0072256,0.02,-0.73928296,0.0,1
2025-08-11 22:33:38.802134,APTUSDT,sell,4.526,0.0724285714285715,-2.730771620083959,0.0,-2.7,SELL,17164286482,0.0,False,-2.7,2.7,0.0,SELL,0.00488808,0.0,-0.73928296,4.526,2
2025-08-11 22:34:23.129121,APTUSDT,sell,4.526,0.0724285714285715,-0.0,-2.7,0.0,BUY,17164294500,-0.00488808,False,2.7,2.7,2.7,BUY,0.00488808,0.0,-0.74417104,0.0,2
2025-08-11 22:37:02.660790,APTUSDT,sell,4.534,0.0724285714285715,-2.7259533199161887,0.0,-2.7,SELL,17164324290,0.0,False,-2.7,2.7,0.0,SELL,0.00489672,0.0,-0.74417104,4.534,3
2025-08-11 22:37:41.882325,APTUSDT,sell,4.536,0.0724285714285715,-0.0,-2.7,0.0,BUY,17164332842,-0.01029888,False,2.7,2.7,2.7,BUY,0.00489888,-0.0054,-0.75446992,0.0,3
2025-08-12 06:08:08.673817,APTUSDT,sell,4.562,0.0517857142857142,-3.4081604841845685,0.0,-3.4,SELL,17167862862,0.0,False,-3.4,3.4,0.0,SELL,0.00620432,0.0,-0.75446992,4.562,4
2025-08-12 06:09:34.843612,APTUSDT,sell,4.557,0.0517857142857142,-0.0,-3.4,0.0,BUY,17167870961,0.01080248,False,3.4,3.4,3.4,BUY,0.00619752,0.017,-0.74366744,0.0,4
2025-08-11 19:00:07.320579,ARBUSDT,buy,0.4515,0.0070714285714285,48.96838926565656,0.0,48.9,BUY,12991414393,0.0,False,48.9,48.9,0.0,BUY,0.00883134,0.0,-0.74366744,0.4515,1
2025-08-11 19:35:46.575267,ARBUSDT,sell,0.4513,0.0072642857142857,-47.18063957423795,0.0,-47.1,SELL,12991651287,0.0,False,-47.1,47.1,0.0,SELL,0.00850249,0.0,-0.74366744,0.4513,2
2025-08-11 21:35:05.921130,ARBUSDT,sell,0.4402,0.0077285714285714,-24.512621422592,0.0,-24.5,SELL,12992585906,0.0,False,-24.5,24.5,0.0,SELL,0.00431396,0.0,-0.74366744,0.4402,3
2025-08-11 21:35:45.281856,ARBUSDT,sell,0.4402,0.0077285714285714,-0.0,-24.5,0.0,BUY,12992593366,-0.00431396,False,24.5,24.5,24.5,BUY,0.00431396,0.0,-0.7479814,0.0,3
2025-08-11 21:37:02.204290,ARBUSDT,sell,0.4395,0.0077714285714285,-24.551663140443683,0.0,-24.5,SELL,12992608222,0.0,False,-24.5,24.5,0.0,SELL,0.0043071,0.0,-0.7479814,0.4395,4
2025-08-11 21:38:22.803008,ARBUSDT,sell,0.4406,0.0077714285714285,-0.0,-24.5,0.0,BUY,12992618600,-0.03126788,False,24.5,24.5,24.5,BUY,0.00431788,-0.02695,-0.77924928,0.0,4
2025-08-11 22:00:22.170812,ARBUSDT,sell,0.4412,0.0073857142857142,-42.3411182680757,0.0,-42.3,SELL,12992813783,0.0,False,-42.3,42.3,0.0,SELL,0.0074651,0.0,-0.77924928,0.4412,5
2025-08-11 22:01:00.558699,ARBUSDT,sell,0.4409,0.0074571428571428,-141.2330942759129,-42.3,-141.2,SELL,12992820645,0.0,False,-98.9,98.9,0.0,SELL,0.017442,0.0,-0.77924928,0.44098987,5
2025-08-11 22:03:36.853914,ARBUSDT,sell,0.4395,0.0075571428571428,-0.0,-141.2,-0.1,BUY,12992844705,0.18541563,False,141.1,141.1,141.1,BUY,0.02480538,0.21022101,-0.59383365,0.44098987,5
2025-08-11 22:08:55.801212,ARBUSDT,sell,0.4379,0.0076857142857142,-42.51426445975108,0.0,-42.5,SELL,12992885792,0.0,False,-42.5,42.5,0.0,SELL,0.0074443,0.0,-0.59383365,0.4379,6
2025-08-11 22:15:33.871110,ARBUSDT,sell,0.4379,0.0077285714285714,-42.32642601415848,0.0,-42.3,SELL,12992938551,0.0,False,-42.3,42.3,0.0,SELL,0.00740927,0.0,-0.59383365,0.4379,7
2025-08-11 22:16:59.421204,ARBUSDT,sell,0.4389,0.0077285714285714,-42.22998849760766,-91.7,-42.3,BUY,12992950161,-0.05807266,False,49.4,49.4,49.4,BUY,0.00867266,-0.0494,-0.65190631,0.4379,7
2025-08-11 22:18:19.925796,ARBUSDT,sell,0.4387,0.0077285714285714,-0.0,-42.3,-0.1,BUY,12992961211,-0.04116526,False,42.2,42.2,42.2,BUY,0.00740526,-0.03376,-0.69307157,0.4379,7
2025-08-11 22:29:35.219291,ARBUSDT,sell,0.4372,0.0078357142857142,-42.40441109046203,0.0,-42.4,SELL,12993084994,0.0,False,-42.4,42.4,0.0,SELL,0.00741491,0.0,-0.69307157,0.4372,8
2025-08-11 22:31:36.854985,ARBUSDT,sell,0.4348,0.0079857142857142,-0.0,-42.4,-0.1,BUY,12993121002,0.09416318,False,42.3,42.3,42.3,BUY,0.00735682,0.10152,-0.59890838,0.4372,8
2025-08-11 22:34:17.849299,ARBUSDT,sell,0.4365,0.0079857142857142,-141.57471194158074,-0.1,-141.5,SELL,12993147109,0.0,False,-141.4,141.4,0.0,SELL,0.02468844,0.0,-0.59890838,0.43650049,8
2025-08-11 22:34:58.130018,ARBUSDT,sell,0.4368,0.0079857142857142,-28.295495312499995,-141.5,-28.3,BUY,12993151167,-0.0536823,False,113.2,113.2,113.2,BUY,0.0197783,-0.033904,-0.65259069,0.43650049,8
2025-08-11 22:35:37.975239,ARBUSDT,sell,0.4372,0.0079857142857142,-0.0,-28.3,-0.1,BUY,12993156712,-0.02465767,False,28.2,28.2,28.2,BUY,0.00493162,-0.01972605,-0.67724835,0.43650049,8
2025-08-11 22:41:56.525348,ARBUSDT,sell,0.4358,0.0079857142857142,-178.77019079222117,-26.7,-178.7,SELL,12993213282,0.0,False,-152.0,152.0,0.0,SELL,0.02649664,0.0,-0.67724835,0.43590466,8
2025-08-12 06:04:26.837366,ARBUSDT,sell,0.4395,0.0061714285714285,-0.0,-26.5,0.0,BUY,12996240281,-0.09993514,False,26.5,26.5,26.5,BUY,0.0046587,-0.09527644,-0.77718349,0.0,8
2025-08-12 06:05:07.671879,ARBUSDT,sell,0.4392,0.0061714285714285,-53.10118896465164,0.0,-53.1,SELL,12996244317,0.0,False,-53.1,53.1,0.0,SELL,0.00932861,0.0,-0.77718349,0.4392,9
2025-08-12 06:06:34.120640,ARBUSDT,sell,0.4387,0.0062142857142857,-0.0,-115.1,-0.1,BUY,12996252565,0.0373198,False,115.0,115.0,115.0,BUY,0.0201802,0.0575,-0.73986369,0.4392,9
2025-08-12 06:09:28.344233,ARBUSDT,sell,0.4386,0.0062214285714285,-177.2461027000684,-0.1,-177.2,SELL,12996268211,0.0,False,-177.1,177.1,0.0,SELL,0.03107042,0.0,-0.73986369,0.43860034,9
2025-08-12 06:10:10.299869,ARBUSDT,sell,0.4386,0.0062214285714285,-0.0,-177.2,-0.1,BUY,12996272473,-0.03101046,False,177.1,177.1,177.1,BUY,0.03107042,5.997e-05,-0.77087415,0.43860034,9
2025-08-11 18:32:07.876801,BNBUSDT,buy,808.33,7.775714285714311,0.0446170627613447,0.0,0.04,BUY,74141941775,0.0,False,0.04,0.04,0.0,BUY,0.01293328,0.0,-0.77087415,808.33,1
2025-08-11 21:34:22.999646,BNBUSDT,sell,803.57,7.675000000000019,-0.013428146832541,0.0,-0.01,SELL,74146466409,0.0,False,-0.01,0.01,0.0,SELL,0.00321428,0.0,-0.77087415,803.57,2
2025-08-11 21:35:04.253307,BNBUSDT,sell,803.2,7.675000000000019,-0.0447811086911728,-0.01,-0.04,SELL,74146483784,0.0,False,-0.03,0.03,0.0,SELL,0.0096384,0.0,-0.77087415,803.2925,2
2025-08-11 21:37:00.700025,BNBUSDT,sell,801.66,7.921428571428594,-0.0448671338232542,-0.02,-0.04,SELL,74146569943,0.0,False,-0.02,0.02,0.0,SELL,0.00641328,0.0,-0.77087415,802.47625,2
2025-08-11 21:59:13.389278,BNBUSDT,sell,802.45,7.96285714285716,-0.0232987999354476,0.0,-0.02,SELL,74147239359,0.0,False,-0.02,0.02,0.0,SELL,0.0064196,0.0,-0.77087415,802.45,3
2025-08-11 21:59:42.321839,BNBUSDT,sell,803.04,7.96285714285716,-0.0232627283570868,0.0,-0.02,SELL,74147255474,0.0,False,-0.02,0.02,0.0,SELL,0.00642432,0.0,-0.77087415,803.04,4
2025-08-11 22:00:20.588188,BNBUSDT,sell,802.97,7.432857142857164,-0.0775491877233894,-0.02,-0.07,SELL,74147275386,0.0,False,-0.05,0.05,0.0,SELL,0.0160594,0.0,-0.77087415,802.99,4
2025-08-11 22:00:59.189384,BNBUSDT,sell,803.69,7.478571428571448,-0.0232439141707312,-0.07,-0.03,BUY,74147295193,-0.04085904,False,0.04,0.04,0.04,BUY,0.01285904,-0.028,-0.81173319,802.99,4
2025-08-11 22:01:37.548835,BNBUSDT,sell,802.52,7.505714285714305,-0.0775926721654911,-0.03,-0.07,SELL,74147323872,0.0,False,-0.04,0.04,0.0,SELL,0.01284032,0.0,-0.81173319,802.72142857,4
2025-08-11 22:02:17.616152,BNBUSDT,sell,802.45,7.533571428571447,-0.0,-0.07,0.0,BUY,74147349711,-0.0034686,False,0.07,0.07,0.07,BUY,0.0224686,0.019,-0.81520179,0.0,4
2025-08-11 22:08:16.708242,BNBUSDT,sell,799.66,7.722857142857159,-0.0232811399931533,0.0,-0.02,SELL,74147547710,0.0,False,-0.02,0.02,0.0,SELL,0.00639728,0.0,-0.81520179,799.66,5
2025-08-11 22:10:58.321730,BNBUSDT,sell,800.49,7.722857142857159,-0.0,-0.02,0.0,BUY,74147606392,-0.02300392,False,0.02,0.02,0.02,BUY,0.00640392,-0.0166,-0.83820571,0.0,5
2025-08-11 22:14:06.012346,BNBUSDT,sell,801.06,7.722857142857159,-0.0231377698943899,0.0,-0.02,SELL,74147690341,0.0,False,-0.02,0.02,0.0,SELL,0.00640848,0.0,-0.83820571,801.06,6
2025-08-11 22:16:12.365454,BNBUSDT,sell,801.47,7.722857142857159,-0.0,-0.02,0.0,BUY,74147744520,-0.01461176,False,0.02,0.02,0.02,BUY,0.00641176,-0.0082,-0.85281747,0.0,6
2025-08-11 22:19:46.844060,BNBUSDT,sell,799.99,7.722857142857159,-0.0231687170484631,0.0,-0.02,SELL,74147860502,0.0,False,-0.02,0.02,0.0,SELL,0.00639992,0.0,-0.85281747,799.99,7
2025-08-11 22:20:26.202848,BNBUSDT,sell,799.83,7.727857142857163,-0.0,-0.02,0.0,BUY,74147888601,-0.00319864,False,0.02,0.02,0.02,BUY,0.00639864,0.0032,-0.85601611,0.0,7
2025-08-11 22:28:52.927909,BNBUSDT,sell,798.23,7.860000000000022,-0.0232253968514713,0.0,-0.02,SELL,74148120118,0.0,False,-0.02,0.02,0.0,SELL,0.00638584,0.0,-0.85601611,798.23,8
2025-08-11 22:30:14.426355,BNBUSDT,sell,797.65,7.860000000000022,-0.0,-0.02,0.0,BUY,74148151492,0.0052188,False,0.02,0.02,0.02,BUY,0.0063812,0.0116,-0.85079731,0.0,8
2025-08-11 22:32:54.153696,BNBUSDT,sell,799.02,7.860000000000022,-0.015468289094766,0.0,-0.01,SELL,74148213840,0.0,False,-0.01,0.01,0.0,SELL,0.00319608,0.0,-0.85079731,799.02,9
2025-08-11 22:34:16.627673,BNBUSDT,sell,799.83,7.860000000000022,-0.0,-0.01,0.0,BUY,74148251192,-0.01129932,False,0.01,0.01,0.01,BUY,0.00319932,-0.0081,-0.86209663,0.0,9
2025-08-11 22:39:17.514433,BNBUSDT,sell,801.1,7.860000000000022,-0.029175402252122,0.0,-0.02,SELL,74148371538,0.0,False,-0.02,0.02,0.0,SELL,0.0064088,0.0,-0.86209663,801.1,10
2025-08-11 22:39:56.864534,BNBUSDT,sell,801.08,7.860000000000022,-0.0972537688461202,-0.02,-0.09,SELL,74148386074,0.0,False,-0.07,0.07,0.0,SELL,0.02243024,0.0,-0.86209663,801.08444444,10
2025-08-11 22:41:55.086733,BNBUSDT,sell,800.79,7.860000000000022,-0.0,-0.09,0.0,BUY,74148432024,-0.00232844,False,0.09,0.09,0.09,BUY,0.02882844,0.0265,-0.86442507,0.0,10
2025-08-11 16:24:20.679847,BTCUSDT,buy,120560.0,686.7228571428568,0.0010596741098478,0.0,0.00105967,BUY,SIM-BTCUSDT-1754929460678,0.0,True,0.00105967,0.00105967,0.0,BUY,0.05110172,0.0,-0.86442507,120560.0,1
2025-08-11 16:27:37.415644,BTCUSDT,buy,120498.26,686.7228571428568,0.0010581040431043,0.0,0.0010581,BUY,SIM-BTCUSDT-1754929657414,0.0,True,0.0010581,0.0010581,0.0,BUY,0.05099988,0.0,-0.86442507,120498.26,2
2025-08-11 16:31:36.967838,BTCUSDT,buy,120578.23,686.7228571428568,0.001,0.0,0.001,BUY,SIM-BTCUSDT-1754929896965,0.0,True,0.001,0.001,0.0,BUY,0.04823129,0.0,-0.86442507,120578.23,3
2025-08-11 19:23:55.945485,DOGEUSDT,sell,0.23011,0.00372,-93.08507176075268,-70.0,-93.0,SELL,79318035359,0.0,False,-23.0,23.0,0.0,SELL,0.00211701,0.0,-0.86442507,0.23011,0
2025-08-11 19:35:48.913773,DOGEUSDT,sell,0.22956,0.0037442857142857,-91.53512103586418,0.0,-91.0,SELL,79318769391,0.0,False,-91.0,91.0,0.0,SELL,0.00835598,0.0,-0.86442507,0.22956,1
2025-08-11 19:37:07.134001,DOGEUSDT,sell,0.22905,0.0037685714285714,-136.4178651829037,-91.0,-136.0,SELL,79318862151,0.0,False,-45.0,45.0,0.0,SELL,0.0041229,0.0,-0.86442507,0.22939125,1
2025-08-11 21:35:47.659782,DOGEUSDT,sell,0.22453,0.0039014285714285,-48.05796976005433,0.0,-48.0,SELL,79327223509,0.0,False,-48.0,48.0,0.0,SELL,0.00431098,0.0,-0.86442507,0.22453,2
2025-08-11 21:36:26.138580,DOGEUSDT,sell,0.22414,0.0039014285714285,-0.0,-48.0,0.0,BUY,79327266592,0.01441651,False,48.0,48.0,48.0,BUY,0.00430349,0.01872,-0.85000856,0.0,2
2025-08-11 21:38:25.858129,DOGEUSDT,sell,0.22459,0.0039014285714285,-32.03008727080458,0.0,-32.0,SELL,79327406120,0.0,False,-32.0,32.0,0.0,SELL,0.00287475,0.0,-0.85000856,0.22459,3
2025-08-11 22:02:21.263566,DOGEUSDT,sell,0.22371,0.0036621428571428,-83.50499029938312,0.0,-83.0,SELL,79328629397,0.0,False,-83.0,83.0,0.0,SELL,0.00742717,0.0,-0.85000856,0.22371,4
2025-08-11 22:11:39.839097,DOGEUSDT,sell,0.22293,0.0037335714285714,-83.51050287949133,0.0,-83.0,SELL,79329283499,0.0,False,-83.0,83.0,0.0,SELL,0.00740128,0.0,-0.85000856,0.22293,5
2025-08-11 22:17:41.486896,DOGEUSDT,sell,0.22325,0.0037514285714285,-83.02236036550951,0.0,-83.0,SELL,79329702709,0.0,False,-83.0,83.0,0.0,SELL,0.0074119,0.0,-0.85000856,0.22325,6
2025-08-11 22:18:21.940310,DOGEUSDT,sell,0.22315,0.0037514285714285,-0.0,-83.0,0.0,BUY,79329744318,0.00089142,False,83.0,83.0,83.0,BUY,0.00740858,0.0083,-0.84911714,0.0,6
2025-08-11 22:21:55.630560,DOGEUSDT,sell,0.22193,0.0037935714285714,-83.51616253593475,0.0,-83.0,SELL,79330034055,0.0,False,-83.0,83.0,0.0,SELL,0.00736808,0.0,-0.84911714,0.22193,7
2025-08-11 22:22:36.195157,DOGEUSDT,sell,0.22179,0.0037935714285714,-0.0,-83.0,0.0,BUY,79330091779,0.00425657,False,83.0,83.0,83.0,BUY,0.00736343,0.01162,-0.84486057,0.0,7
2025-08-11 22:30:58.211489,DOGEUSDT,sell,0.22186,0.0038378571428571,-83.56264549152615,0.0,-83.0,SELL,79330856778,0.0,False,-83.0,83.0,0.0,SELL,0.00736575,0.0,-0.84486057,0.22186,8
2025-08-11 22:31:38.726363,DOGEUSDT,sell,0.22211,0.0038378571428571,-0.0,-83.0,0.0,BUY,79330922702,-0.02812405,False,83.0,83.0,83.0,BUY,0.00737405,-0.02075,-0.87298462,0.0,8
2025-08-11 22:34:19.926445,DOGEUSDT,buy,0.22273,0.0038378571428571,55.49082904188928,0.0,55.0,BUY,79331115849,0.0,False,55.0,55.0,0.0,BUY,0.00490006,0.0,-0.87298462,0.22273,9
2025-08-11 22:34:59.716182,DOGEUSDT,buy,0.22287,0.0038378571428571,277.27985714766453,55.0,277.0,BUY,79331156303,0.0,False,222.0,222.0,0.0,BUY,0.01979086,0.0,-0.87298462,0.2228422,9
2025-08-11 22:41:19.013756,DOGEUSDT,sell,0.22256,0.0038378571428571,-70.01082777430804,0.0,-70.0,SELL,79331596480,0.0,False,-70.0,70.0,0.0,SELL,0.00623168,0.0,-0.87298462,0.22256,10
2025-08-12 06:06:35.981071,DOGEUSDT,sell,0.2235,0.0028421428571428,-0.0,-52.0,0.0,BUY,79357872188,-0.0535288,False,52.0,52.0,52.0,BUY,0.0046488,-0.04888,-0.92651342,0.0,10
2025-08-11 16:24:21.597013,ETHUSDT,buy,4344.02,48.09785714285714,0.0151296227229754,0.0,0.01512962,BUY,SIM-ETHUSDT-1754929461595,0.0,True,0.01512962,0.01512962,0.0,BUY,0.02628935,0.0,-0.92651342,4344.02,1
2025-08-11 16:27:38.932130,ETHUSDT,buy,4344.89,48.09785714285714,0.0151072059089208,0.0,0.01510721,BUY,SIM-ETHUSDT-1754929658931,0.0,True,0.01510721,0.01510721,0.0,BUY,0.02625566,0.0,-0.92651342,4344.89,2
2025-08-11 16:31:37.885233,ETHUSDT,buy,4352.18,48.09785714285714,0.015,0.0,0.015,BUY,SIM-ETHUSDT-1754929897883,0.0,True,0.015,0.015,0.0,BUY,0.02611308,0.0,-0.92651342,4352.18,3
2025-08-11 17:43:33.933510,ETHUSDT,buy,4306.47,50.06785714285719,0.0069850521513659,0.0,0.006,BUY,8389765936007853047,0.0,False,0.006,0.006,0.0,BUY,0.01033553,0.0,-0.92651342,4306.47,4
2025-08-11 17:46:15.075018,ETHUSDT,hold,4300.59,50.06785714285719,0.0,0.006,0.0,SELL,8389765936008850105,-0.04560142,False,-0.006,0.006,0.006,SELL,0.01032142,-0.03528,-0.97211484,0.0,4
2025-08-11 18:04:23.391289,ETHUSDT,buy,4282.59,47.89642857142859,0.0072899135773618,0.0,0.007,BUY,8389765936018021255,0.0,False,0.007,0.007,0.0,BUY,0.01199125,0.0,-0.97211484,4282.59,5
2025-08-12 06:06:36.701732,LTCUSDT,sell,119.19,1.4757142857142864,-0.195671131749937,0.0,-0.195,SELL,37957850644,0.0,False,-0.195,0.195,0.0,SELL,0.00929682,0.0,-0.97211484,119.19,1
2025-08-12 06:07:18.704058,LTCUSDT,buy,119.27,1.4757142857142864,0.0,-0.195,0.0,BUY,37957857866,-0.02490306,False,0.195,0.195,0.195,BUY,0.00930306,-0.0156,-0.9970179,0.0,1
2025-08-11 22:19:51.887728,NEARUSDT,sell,2.587,0.0417142857142856,-7.164569753227676,0.0,-7.0,SELL,29778607409,0.0,False,-7.0,7.0,0.0,SELL,0.0072436,0.0,-0.9970179,2.587,1
2025-08-11 22:20:31.413812,NEARUSDT,sell,2.587,0.0417857142857142,-0.0,-7.0,0.0,BUY,29778612665,-0.0072436,False,7.0,7.0,7.0,BUY,0.0072436,0.0,-1.0042615,0.0,1
2025-08-11 22:32:59.130859,NEARUSDT,sell,2.591,0.0423571428571428,-4.770155288498648,0.0,-4.0,SELL,29778709237,0.0,False,-4.0,4.0,0.0,SELL,0.0041456,0.0,-1.0042615,2.591,2
2025-08-11 22:33:38.058893,NEARUSDT,sell,2.595,0.0423571428571428,-0.0,-4.0,0.0,BUY,29778713530,-0.020152,False,4.0,4.0,4.0,BUY,0.004152,-0.016,-1.0244135,0.0,2
2025-08-11 22:36:22.102801,NEARUSDT,sell,2.599,0.0423571428571428,-4.755472240284724,0.0,-4.0,SELL,29778732097,0.0,False,-4.0,4.0,0.0,SELL,0.0041584,0.0,-1.0244135,2.599,3
2025-08-11 22:37:01.909298,NEARUSDT,sell,2.599,0.0423571428571428,-0.0,-4.0,0.0,BUY,29778735305,-0.0041584,False,4.0,4.0,4.0,BUY,0.0041584,0.0,-1.0285719,0.0,3
2025-08-12 06:07:21.558805,NEARUSDT,sell,2.602,0.0294999999999999,-5.975414346214452,0.0,-5.0,SELL,29780904032,0.0,False,-5.0,5.0,0.0,SELL,0.005204,0.0,-1.0285719,2.602,4
2025-08-12 06:08:07.926974,NEARUSDT,sell,2.605,0.0294999999999999,-0.0,-5.0,0.0,BUY,29780908638,-0.02021,False,5.0,5.0,5.0,BUY,0.00521,-0.015,-1.0487819,0.0,4
2025-08-11 19:04:30.800662,OPUSDT,sell,0.769,0.0130714285714285,-26.49109583224041,-13.3,-26.4,SELL,16686943504,0.0,False,-13.1,13.1,0.0,SELL,0.00402956,0.0,-1.0487819,0.769,0
2025-08-11 19:05:13.436230,OPUSDT,buy,0.771,0.0130714285714285,26.49109583224041,-26.4,26.4,BUY,16686948874,-0.06908352,False,52.8,52.8,26.4,BUY,0.01628352,-0.0528,-1.11786542,0.771,1
2025-08-11 19:05:55.039130,OPUSDT,sell,0.77,0.0130714285714285,-26.49109583224041,26.4,-26.4,SELL,16686955241,-0.0426624,False,-52.8,52.8,26.4,SELL,0.0162624,-0.0264,-1.16052782,0.77,2
2025-08-11 19:07:23.852336,OPUSDT,buy,0.771,0.0130714285714285,26.49109583224041,-26.4,26.4,BUY,16686969401,-0.04268352,False,52.8,52.8,26.4,BUY,0.01628352,-0.0264,-1.20321134,0.771,3
2025-08-11 19:08:06.223215,OPUSDT,sell,0.77,0.0130714285714285,-26.49109583224041,26.4,-26.4,SELL,16686975615,-0.0426624,False,-52.8,52.8,26.4,SELL,0.0162624,-0.0264,-1.24587374,0.77,4
2025-08-11 19:10:12.246774,OPUSDT,buy,0.771,0.0131428571428571,26.347122485326068,-26.4,26.3,BUY,16686994779,-0.04265268,False,52.7,52.7,26.4,BUY,0.01625268,-0.0264,-1.28852642,0.771,5
2025-08-11 19:10:54.893487,OPUSDT,sell,0.77,0.0131428571428571,-26.347122485326068,26.3,-26.3,SELL,16687001750,-0.0425008,False,-52.6,52.6,26.3,SELL,0.0162008,-0.0263,-1.33102722,0.77,6
2025-08-11 19:11:36.598356,OPUSDT,buy,0.771,0.0131428571428571,26.347122485326068,-26.3,26.3,BUY,16687008245,-0.04252184,False,52.6,52.6,26.3,BUY,0.01622184,-0.0263,-1.37354906,0.771,7
2025-08-11 19:13:10.743486,OPUSDT,sell,0.769,0.0131428571428571,-26.347122485326068,26.3,-26.3,SELL,16687021120,-0.06877976,False,-52.6,52.6,26.3,SELL,0.01617976,-0.0526,-1.44232882,0.769,8
2025-08-11 19:23:54.170110,OPUSDT,buy,0.771,0.0132857142857142,26.06382009301073,-26.3,26.0,BUY,16687118446,-0.06872932,False,52.3,52.3,26.3,BUY,0.01612932,-0.0526,-1.51105814,0.771,9
2025-08-11 19:31:30.165123,OPUSDT,sell,0.77,0.0132857142857142,-26.06382009301073,26.0,-26.0,SELL,16687178476,-0.042016,False,-52.0,52.0,26.0,SELL,0.016016,-0.026,-1.55307414,0.77,10
2025-08-11 19:35:47.499976,OPUSDT,buy,0.771,0.0132857142857142,25.797156154301053,0.0,25.7,BUY,16687215585,0.0,False,25.7,25.7,0.0,BUY,0.00792588,0.0,-1.55307414,0.771,11
2025-08-11 21:35:07.093085,OPUSDT,sell,0.758,0.0138571428571428,-14.235430013489443,0.0,-14.2,SELL,16688414518,0.0,False,-14.2,14.2,0.0,SELL,0.00430544,0.0,-1.55307414,0.758,12
2025-08-11 21:36:24.965643,OPUSDT,sell,0.755,0.0138571428571428,-0.0,-14.2,-0.1,BUY,16688431006,0.0380418,False,14.1,14.1,14.1,BUY,0.0042582,0.0423,-1.51503234,0.758,12
2025-08-11 21:38:24.074702,OPUSDT,sell,0.757,0.0139285714285714,-9.502823381968296,-23.8,-9.6,BUY,16688456104,0.00990024,False,14.2,14.2,14.2,BUY,0.00429976,0.0142,-1.5051321,0.758,12
2025-08-11 22:01:01.531515,OPUSDT,sell,0.755,0.0155,-24.74291573493377,0.0,-24.7,SELL,16688704651,0.0,False,-24.7,24.7,0.0,SELL,0.0074594,0.0,-1.5051321,0.755,13
2025-08-11 22:01:39.725173,OPUSDT,sell,0.754,0.0155714285714285,-82.58577091014588,-24.7,-82.5,SELL,16688715318,0.0,False,-57.8,57.8,0.0,SELL,0.01743248,0.0,-1.5051321,0.75429939,13
2025-08-11 22:11:00.237689,OPUSDT,sell,0.75,0.016,-24.8226618759,-12.4,-24.8,SELL,16688827821,0.0,False,-12.4,12.4,0.0,SELL,0.00372,0.0,-1.5051321,0.7521497,13
2025-08-11 22:11:38.586385,OPUSDT,sell,0.748,0.016,-82.96344209859626,-24.8,-82.9,SELL,16688835469,0.0,False,-58.1,58.1,0.0,SELL,0.01738352,0.0,-1.5051321,0.74924141,13
2025-08-11 22:17:00.163744,OPUSDT,sell,0.749,0.0161428571428571,-24.74598391401869,0.0,-24.7,SELL,16688891834,0.0,False,-24.7,24.7,0.0,SELL,0.00740012,0.0,-1.5051321,0.749,14
2025-08-11 22:18:20.709494,OPUSDT,sell,0.748,0.0161428571428571,-0.0,-24.7,-0.1,BUY,16688909568,0.01723968,False,24.6,24.6,24.6,BUY,0.00736032,0.0246,-1.48789242,0.749,14
2025-08-11 22:30:17.218771,OPUSDT,sell,0.744,0.0164285714285714,-24.91829103326613,0.0,-24.9,SELL,16689080838,0.0,False,-24.9,24.9,0.0,SELL,0.00741024,0.0,-1.48789242,0.744,15
2025-08-11 22:31:37.589416,OPUSDT,sell,0.744,0.0164285714285714,-0.0,-24.9,-0.1,BUY,16689096315,-0.00738048,False,24.8,24.8,24.8,BUY,0.00738048,0.0,-1.4952729,0.744,15
2025-08-11 22:34:18.669482,OPUSDT,sell,0.747,0.0164285714285714,-16.545478383534135,-0.1,-16.5,SELL,16689128218,0.0,False,-16.4,16.4,0.0,SELL,0.00490032,0.0,-1.4952729,0.74698182,15
2025-08-11 22:35:38.738539,OPUSDT,sell,0.748,0.0164285714285714,-0.0,-16.5,-0.1,BUY,16689141378,-0.02160506,False,16.4,16.4,16.4,BUY,0.00490688,-0.01669818,-1.51687796,0.74698182,15
2025-08-11 22:40:38.463169,OPUSDT,sell,0.749,0.0164285714285714,-31.204826093691587,0.0,-31.2,SELL,16689193529,0.0,False,-31.2,31.2,0.0,SELL,0.00934752,0.0,-1.51687796,0.749,16
2025-08-11 22:41:57.237793,OPUSDT,sell,0.748,0.0164285714285714,-104.1551459187834,-31.2,-104.1,SELL,16689208599,0.0,False,-72.9,72.9,0.0,SELL,0.02181168,0.0,-1.51687796,0.74829971,16
2025-08-12 06:05:08.410242,OPUSDT,sell,0.751,0.0127857142857142,-0.0,-15.5,0.0,BUY,16693356888,-0.04651067,False,15.5,15.5,15.5,BUY,0.0046562,-0.04185447,-1.56338862,0.0,16
2025-08-12 06:09:29.243271,OPUSDT,sell,0.751,0.0128571428571428,-20.70310003841545,0.0,-20.7,SELL,16693395030,0.0,False,-20.7,20.7,0.0,SELL,0.00621828,0.0,-1.56338862,0.751,17
2025-08-12 06:10:11.102454,OPUSDT,sell,0.751,0.0128571428571428,-0.0,-20.7,-0.1,BUY,16693401391,-0.00618824,False,20.6,20.6,20.6,BUY,0.00618824,0.0,-1.56957686,0.751,17
2025-08-11 22:21:59.761113,RENDERUSDT,sell,3.706,0.0660714285714286,-3.3341863557474363,0.0,-3.3,SELL,2544276527,0.0,False,-3.3,3.3,0.0,SELL,0.00489192,0.0,-1.56957686,3.706,1
2025-08-11 22:22:40.286439,RENDERUSDT,sell,3.704,0.0660714285714286,-0.0,-3.3,-0.1,BUY,2544279433,0.00165888,False,3.2,3.2,3.2,BUY,0.00474112,0.0064,-1.56791798,3.706,1
2025-08-11 22:34:24.002157,RENDERUSDT,sell,3.726,0.0665,-3.3170886614331723,0.0,-3.3,SELL,2544341924,0.0,False,-3.3,3.3,0.0,SELL,0.00491832,0.0,-1.56791798,3.726,2
2025-08-11 22:35:04.097328,RENDERUSDT,sell,3.728,0.0665,-0.0,-3.3,-0.1,BUY,2544344601,-0.01117184,False,3.2,3.2,3.2,BUY,0.00477184,-0.0064,-1.57908982,3.726,2
2025-08-11 22:37:42.611888,RENDERUSDT,sell,3.731,0.0665,-3.312643353658536,-0.1,-3.3,SELL,2544356983,0.0,False,-3.2,3.2,0.0,SELL,0.00477568,0.0,-1.57908982,3.73084848,2
2025-08-11 22:38:21.602866,RENDERUSDT,sell,3.733,0.0665,-0.0,-3.3,-0.1,BUY,2544359715,-0.01166309,False,3.2,3.2,3.2,BUY,0.00477824,-0.00688485,-1.59075291,3.73084848,2
2025-08-12 06:09:35.668097,RENDERUSDT,sell,3.738,0.0471428571428571,-4.159451077808989,0.0,-4.1,SELL,2545879258,0.0,False,-4.1,4.1,0.0,SELL,0.00613032,0.0,-1.59075291,3.738,3
2025-08-12 06:10:16.180828,RENDERUSDT,sell,3.736,0.0472142857142856,-0.0,-4.1,-0.1,BUY,2545881378,0.0020224,False,4.0,4.0,4.0,BUY,0.0059776,0.008,-1.58873051,3.738,3
2025-08-11 16:24:24.391256,SHIBUSDT,buy,1.334e-05,1.721428571428571e-07,4227317.034427388,0.0,4227317.03442739,BUY,SIM-SHIBUSDT-1754929464390,0.0,True,4227317.03442739,4227317.03442739,0.0,BUY,0.02255696,0.0,-1.58873051,1.334e-05,1
2025-08-11 16:27:43.452788,SHIBUSDT,buy,1.334e-05,1.721428571428571e-07,4221053.627755188,0.0,4221053.62775519,BUY,SIM-SHIBUSDT-1754929663451,0.0,True,4221053.62775519,4221053.62775519,0.0,BUY,0.02252354,0.0,-1.58873051,1.334e-05,2
2025-08-11 16:31:40.535773,SHIBUSDT,buy,1.335e-05,1.721428571428571e-07,4228586.307452284,0.0,4228586.30745228,BUY,SIM-SHIBUSDT-1754929900532,0.0,True,4228586.30745228,4228586.30745228,0.0,BUY,0.02258065,0.0,-1.58873051,1.335e-05,3
2025-08-11 16:24:23.481897,SOLUSDT,sell,180.09,2.0657142857142867,-0.3522764195356153,0.0,-0.35227642,SELL,SIM-SOLUSDT-1754929463480,0.0,True,-0.35227642,0.35227642,0.0,SELL,0.02537658,0.0,-1.58873051,180.09,1
2025-08-11 16:27:41.946529,SOLUSDT,sell,179.96,2.0814285714285723,-0.3490988072371309,0.0,-0.34909881,SELL,SIM-SOLUSDT-1754929661944,0.0,True,-0.34909881,0.34909881,0.0,SELL,0.02512953,0.0,-1.58873051,179.96,2
2025-08-11 16:31:39.567455,SOLUSDT,sell,180.05,2.0814285714285723,-0.34,0.0,-0.34,SELL,SIM-SOLUSDT-1754929899565,0.0,True,-0.34,0.34,0.0,SELL,0.0244868,0.0,-1.58873051,180.05,3
2025-08-11 17:32:23.261673,SOLUSDT,sell,178.87,2.136428571428571,-0.0467122977499164,0.0,-0.04,SELL,135681394491,0.0,False,-0.04,0.04,0.0,SELL,0.00286192,0.0,-1.58873051,178.87,4
2025-08-11 17:37:37.463754,SOLUSDT,sell,178.77,2.136428571428571,-0.0466956966800401,0.0,-0.04,SELL,135682426831,0.0,False,-0.04,0.04,0.0,SELL,0.00286032,0.0,-1.58873051,178.77,5
2025-08-11 17:43:35.683626,SOLUSDT,sell,178.73,2.136428571428571,-0.1636968340187228,0.0,-0.16,SELL,135683428644,0.0,False,-0.16,0.16,0.0,SELL,0.01143872,0.0,-1.58873051,178.73,6
2025-08-11 17:48:05.323039,SOLUSDT,sell,178.22,2.156428571428571,-0.1619780319079165,0.0,-0.16,SELL,135684213056,0.0,False,-0.16,0.16,0.0,SELL,0.01140608,0.0,-1.58873051,178.22,7
2025-08-11 18:01:11.395768,SOLUSDT,sell,177.79,2.095714285714286,-0.1666070739366053,0.0,-0.16,SELL,135686353589,0.0,False,-0.16,0.16,0.0,SELL,0.01137856,0.0,-1.58873051,177.79,8
2025-08-11 18:12:17.348542,SOLUSDT,sell,177.77,2.1800000000000006,-0.1589832801146788,0.0,-0.15,SELL,135688486915,0.0,False,-0.15,0.15,0.0,SELL,0.0106662,0.0,-1.58873051,177.77,9
2025-08-11 18:14:59.478654,SOLUSDT,buy,177.75,2.1800000000000006,0.1589832801146788,-0.15,0.15,BUY,135688921717,-0.01833,False,0.3,0.3,0.15,BUY,0.02133,0.003,-1.60706051,177.75,10
2025-08-11 18:25:24.064667,SOLUSDT,buy,177.72,2.1800000000000006,0.1591419872935779,0.0,0.15,BUY,135690683503,0.0,False,0.15,0.15,0.0,BUY,0.0106632,0.0,-1.60706051,177.72,11
2025-08-11 18:39:56.445513,SOLUSDT,buy,178.26,2.182142857142858,0.1586864332995089,0.0,0.15,BUY,135693160326,0.0,False,0.15,0.15,0.0,BUY,0.0106956,0.0,-1.60706051,178.26,12
2025-08-11 19:35:42.948364,SOLUSDT,sell,178.2,2.117142857142856,-0.1618849880128205,0.0,-0.16,SELL,135702520786,0.0,False,-0.16,0.16,0.0,SELL,0.0114048,0.0,-1.60706051,178.2,13
2025-08-11 20:03:22.144250,SOLUSDT,buy,176.45,2.2064285714285705,0.1552804148009065,0.0,0.15,BUY,135707849403,0.0,False,0.15,0.15,0.0,BUY,0.010587,0.0,-1.60706051,176.45,14
2025-08-11 20:32:53.865699,SOLUSDT,buy,176.3,2.248571428571428,0.1524583869536213,0.0,0.15,BUY,135712907561,0.0,False,0.15,0.15,0.0,BUY,0.010578,0.0,-1.60706051,176.3,15
2025-08-11 21:35:41.884539,SOLUSDT,sell,175.06,2.23,-0.0616386150475551,0.0,-0.06,SELL,135722561319,0.0,False,-0.06,0.06,0.0,SELL,0.00420144,0.0,-1.60706051,175.06,16
2025-08-11 21:36:20.774009,SOLUSDT,sell,174.89,2.23,-0.0,-0.06,0.0,BUY,135722651629,0.00600264,False,0.06,0.06,0.06,BUY,0.00419736,0.0102,-1.60105787,0.0,16
2025-08-11 21:38:18.559216,SOLUSDT,buy,175.0,2.279285714285714,0.0411064988579999,0.0,0.04,BUY,135723034749,0.0,False,0.04,0.04,0.0,BUY,0.0028,0.0,-1.60105787,175.0,17
2025-08-11 21:39:00.170269,SOLUSDT,buy,175.01,2.279285714285714,0.2055207502471287,0.04,0.2,BUY,135723134113,0.0,False,0.16,0.16,0.0,BUY,0.01120064,0.0,-1.60105787,175.008,17
2025-08-11 21:59:11.823980,SOLUSDT,buy,174.95,2.281428571428571,0.1068655159085453,0.0,0.1,BUY,135726641322,0.0,False,0.1,0.1,0.0,BUY,0.006998,0.0,-1.60105787,174.95,18
2025-08-11 21:59:40.589172,SOLUSDT,buy,175.08,2.281428571428571,0.1066992310936428,0.0,0.1,BUY,135726705247,0.0,False,0.1,0.1,0.0,BUY,0.0070032,0.0,-1.60105787,175.08,19
2025-08-11 22:00:19.045530,SOLUSDT,sell,175.0,2.107142857142857,-0.1067480078849999,0.1,-0.1,SELL,135726817784,-0.022,False,-0.2,0.2,0.1,SELL,0.014,-0.008,-1.62305787,175.0,20
2025-08-11 22:00:57.268099,SOLUSDT,buy,175.1,2.111428571428572,0.0,-0.1,0.0,BUY,135726924778,-0.017004,False,0.1,0.1,0.1,BUY,0.007004,-0.01,-1.64006187,0.0,20
2025-08-11 22:02:55.465243,SOLUSDT,sell,174.58,2.151428571428572,-0.107004819451684,0.0,-0.1,SELL,135727381616,0.0,False,-0.1,0.1,0.0,SELL,0.0069832,0.0,-1.64006187,174.58,21
2025-08-11 22:03:34.310172,SOLUSDT,sell,174.63,2.151428571428572,-0.0,-0.1,0.0,BUY,135727510769,-0.0119852,False,0.1,0.1,0.1,BUY,0.0069852,-0.005,-1.65204707,0.0,21
2025-08-11 22:08:14.968988,SOLUSDT,sell,174.25,2.1671428571428573,-0.1068407254342898,0.0,-0.1,SELL,135728330616,0.0,False,-0.1,0.1,0.0,SELL,0.00697,0.0,-1.65204707,174.25,22
2025-08-11 22:09:30.916960,SOLUSDT,sell,174.33,2.1671428571428573,-0.0,-0.1,0.0,BUY,135728588928,-0.0149732,False,0.1,0.1,0.1,BUY,0.0069732,-0.008,-1.66702027,0.0,22
2025-08-11 22:11:35.505432,SOLUSDT,sell,174.53,2.1671428571428573,-0.1066693199273764,0.0,-0.1,SELL,135728905438,0.0,False,-0.1,0.1,0.0,SELL,0.0069812,0.0,-1.66702027,174.53,23
2025-08-11 22:14:04.475869,SOLUSDT,sell,174.53,2.1671428571428573,-0.1061980287148341,0.0,-0.1,SELL,135729352449,0.0,False,-0.1,0.1,0.0,SELL,0.0069812,0.0,-1.66702027,174.53,24
2025-08-11 22:21:04.764181,SOLUSDT,sell,173.98,2.1864285714285723,-0.0,-0.05,0.0,BUY,135730526975,0.0240204,False,0.05,0.05,0.05,BUY,0.0034796,0.0275,-1.64299987,0.0,24
2025-08-11 22:23:12.885191,SOLUSDT,sell,173.95,2.19,-0.0710347492635814,0.0,-0.07,SELL,135730938645,0.0,False,-0.07,0.07,0.0,SELL,0.0048706,0.0,-1.64299987,173.95,25
2025-08-11 22:28:51.337474,SOLUSDT,sell,173.67,2.2235714285714283,-0.1067496316505441,0.0,-0.1,SELL,135732004364,0.0,False,-0.1,0.1,0.0,SELL,0.0069468,0.0,-1.64299987,173.67,26
2025-08-11 22:32:53.019999,SOLUSDT,sell,174.01,2.2235714285714283,-0.0,-0.05,0.0,BUY,135732754501,-0.0204802,False,0.05,0.05,0.05,BUY,0.0034802,-0.017,-1.66348007,0.0,26
2025-08-11 22:38:54.230510,SOLUSDT,buy,174.62,2.2235714285714283,0.0707792483822013,0.0,0.07,BUY,135733836888,0.0,False,0.07,0.07,0.0,BUY,0.00488936,0.0,-1.66348007,174.62,27
2025-08-11 22:39:15.912177,SOLUSDT,buy,174.57,2.2235714285714283,0.1338856318048633,0.0,0.13,BUY,135733885339,0.0,False,0.13,0.13,0.0,BUY,0.00907764,0.0,-1.66348007,174.57,28
2025-08-11 22:40:35.469321,SOLUSDT,sell,174.25,2.2235714285714283,-0.0,0.13,0.0,SELL,135734150687,-0.050661,False,-0.13,0.13,0.13,SELL,0.009061,-0.0416,-1.71414107,0.0,28
2025-08-11 22:42:37.434453,SOLUSDT,sell,174.14,2.2235714285714283,-0.0894774883969794,0.0,-0.08,SELL,135734535921,0.0,False,-0.08,0.08,0.0,SELL,0.00557248,0.0,-1.71414107,174.14,29
2025-08-12 06:02:55.837008,SOLUSDT,sell,174.98,1.491428571428569,-0.1332840449952851,0.0,-0.13,SELL,135799164210,0.0,False,-0.13,0.13,0.0,SELL,0.00909896,0.0,-1.71414107,174.98,30
2025-08-12 06:04:24.240014,SOLUSDT,sell,174.99,1.491428571428569,-0.0,-0.13,0.0,BUY,135799302418,-0.01039948,False,0.13,0.13,0.13,BUY,0.00909948,-0.0013,-1.72454055,0.0,30
2025-08-12 06:06:31.622417,SOLUSDT,sell,174.74,1.4971428571428558,-0.1334671065198294,0.0,-0.13,SELL,135799559382,0.0,False,-0.13,0.13,0.0,SELL,0.00908648,0.0,-1.72454055,174.74,31
2025-08-12 06:07:13.515398,SOLUSDT,sell,174.83,1.4971428571428558,-0.0,-0.13,0.0,BUY,135799617189,-0.02079116,False,0.13,0.13,0.13,BUY,0.00909116,-0.0117,-1.74533171,0.0,31
2025-08-12 06:08:00.698785,SOLUSDT,sell,174.89,1.499285714285713,-0.0889017561258505,0.0,-0.08,SELL,135799724689,0.0,False,-0.08,0.08,0.0,SELL,0.00559648,0.0,-1.74533171,174.89,32
2025-08-12 06:08:41.068557,SOLUSDT,sell,174.84,1.499285714285713,-0.0,-0.08,0.0,BUY,135799799979,-0.00159488,False,0.08,0.08,0.08,BUY,0.00559488,0.004,-1.74692659,0.0,32
2025-08-11 21:36:27.345928,SPELLUSDT,sell,0.0005059,6.535714285714278e-06,-21329.227021595176,0.0,-21329.0,SELL,3549967904,0.0,False,-21329.0,21329.0,0.0,SELL,0.00431614,0.0,-1.74692659,0.0005059,1
2025-08-11 21:37:04.854392,SPELLUSDT,sell,0.0005051,6.535714285714278e-06,-0.0,-21329.0,0.0,BUY,3549970151,0.01275389,False,21329.0,21329.0,21329.0,BUY,0.00430931,0.0170632,-1.7341727,0.0,1
2025-08-11 22:03:01.754583,SPELLUSDT,buy,0.0005045,6.36428571428571e-06,37028.54584712587,0.0,37028.0,BUY,3550001408,0.0,False,37028.0,37028.0,0.0,BUY,0.00747225,0.0,-1.7341727,0.0005045,2
2025-08-11 22:18:23.088251,SPELLUSDT,buy,0.0005042,6.492857142857142e-06,36760.69407298691,0.0,36760.0,BUY,3550019895,0.0,False,36760.0,36760.0,0.0,BUY,0.00741376,0.0,-1.7341727,0.0005042,3
2025-08-11 22:19:05.139235,SPELLUSDT,buy,0.0005037,6.492857142857142e-06,0.0,36760.0,0.0,SELL,3550020630,-0.0257864,False,-36760.0,36760.0,36760.0,SELL,0.0074064,-0.01838,-1.75995911,0.0,3
2025-08-11 22:22:37.479125,SPELLUSDT,buy,0.0005014,6.578571428571422e-06,24643.98610769844,0.0,24643.0,BUY,3550028080,0.0,False,24643.0,24643.0,0.0,BUY,0.0049424,0.0,-1.75995911,0.0005014,4
2025-08-11 22:31:39.864493,SPELLUSDT,buy,0.0005023,6.6785714285714245e-06,24605.758217200877,0.0,24605.0,BUY,3550043246,0.0,False,24605.0,24605.0,0.0,BUY,0.00494364,0.0,-1.75995911,0.0005023,5
2025-08-11 22:32:18.502929,SPELLUSDT,buy,0.000503,6.6785714285714245e-06,0.0,24605.0,0.0,SELL,3550044490,0.01227297,False,-24605.0,24605.0,24605.0,SELL,0.00495053,0.0172235,-1.74768613,0.0,5
2025-08-11 22:35:01.427514,SPELLUSDT,buy,0.0005044,6.6785714285714245e-06,24503.315528350515,0.0,24503.0,BUY,3550047905,0.0,False,24503.0,24503.0,0.0,BUY,0.00494373,0.0,-1.74768613,0.0005044,6
2025-08-11 22:35:41.170187,SPELLUSDT,buy,0.0005049,6.6785714285714245e-06,0.0,24503.0,0.0,SELL,3550049060,0.00730287,False,-24503.0,24503.0,24503.0,SELL,0.00494863,0.0122515,-1.74038326,0.0,6
2025-08-12 06:03:04.224422,SPELLUSDT,sell,0.0005065,5.2142857142857015e-06,-46045.492977838105,0.0,-46045.0,SELL,3550500147,0.0,False,-46045.0,46045.0,0.0,SELL,0.00932872,0.0,-1.74038326,0.0005065,7
2025-08-12 06:06:37.437354,SPELLUSDT,sell,0.0005056,5.221428571428555e-06,-0.0,-46045.0,0.0,BUY,3550503010,0.03212836,False,46045.0,46045.0,46045.0,BUY,0.00931214,0.0414405,-1.7082549,0.0,7
2025-08-12 06:07:19.474417,SPELLUSDT,sell,0.0005058,5.221428571428555e-06,-46109.217463967965,0.0,-46109.0,SELL,3550503608,0.0,False,-46109.0,46109.0,0.0,SELL,0.00932877,0.0,-1.7082549,0.0005058,8
2025-08-12 06:10:13.231352,SPELLUSDT,sell,0.0005054,5.242857142857131e-06,-0.0,-46109.0,0.0,BUY,3550505995,0.0091222,False,46109.0,46109.0,46109.0,BUY,0.0093214,0.0184436,-1.6991327,0.0,8
2025-08-11 18:23:59.927320,TRXUSDT,buy,0.344,0.0012357142857142,280.75222267051873,0.0,280.0,BUY,15795276181,0.0,False,280.0,280.0,0.0,BUY,0.038528,0.0,-1.6991327,0.344,1
2025-08-11 18:36:28.125801,TRXUSDT,buy,0.3444,0.0012357142857142,280.22373047976726,0.0,280.0,BUY,15795374602,0.0,False,280.0,280.0,0.0,BUY,0.0385728,0.0,-1.6991327,0.3444,2
2025-08-11 20:06:57.756513,TRXUSDT,sell,0.3446,0.0012642857142857,-270.9950289943488,0.0,-270.0,SELL,15796103719,0.0,False,-270.0,270.0,0.0,SELL,0.0372168,0.0,-1.6991327,0.3446,3
2025-08-11 20:32:55.846315,TRXUSDT,buy,0.3448,0.0012928571428571,265.1596696850812,0.0,265.0,BUY,15796331475,0.0,False,265.0,265.0,0.0,BUY,0.0365488,0.0,-1.6991327,0.3448,4
2025-08-11 20:34:16.564576,TRXUSDT,buy,0.3444,0.0012928571428571,265.1596696850812,0.0,265.0,BUY,15796343724,0.0,False,265.0,265.0,0.0,BUY,0.0365064,0.0,-1.6991327,0.3444,5
2025-08-11 20:41:51.448448,TRXUSDT,buy,0.3449,0.0012928571428571,265.40432417126897,0.0,265.0,BUY,15796397432,0.0,False,265.0,265.0,0.0,BUY,0.0365594,0.0,-1.6991327,0.3449,6
2025-08-11 21:34:23.751900,TRXUSDT,buy,0.3444,0.0013214285714285,31.33117291006097,0.0,31.0,BUY,15796811135,0.0,False,31.0,31.0,0.0,BUY,0.00427056,0.0,-1.6991327,0.3444,7
2025-08-11 21:35:05.053723,TRXUSDT,sell,0.3445,0.0013214285714285,-31.32207822997097,31.0,-31.0,SELL,15796815987,-0.0054436,False,-62.0,62.0,31.0,SELL,0.0085436,0.0031,-1.7045763,0.3445,8
2025-08-11 21:37:01.445163,TRXUSDT,buy,0.3442,0.0013428571428571,31.34937812383788,-31.0,31.0,BUY,15796836889,0.00076384,False,62.0,62.0,31.0,BUY,0.00853616,0.0093,-1.70381246,0.3442,9
2025-08-11 21:37:39.125744,TRXUSDT,buy,0.3442,0.0013428571428571,0.0,31.0,0.0,SELL,15796844165,-0.00426808,False,-31.0,31.0,31.0,SELL,0.00426808,0.0,-1.70808054,0.0,9
2025-08-11 21:59:14.434900,TRXUSDT,buy,0.3439,0.0013714285714285,54.36499566211108,0.0,54.0,BUY,15797027512,0.0,False,54.0,54.0,0.0,BUY,0.00742824,0.0,-1.70808054,0.3439,10
2025-08-11 21:59:43.165171,TRXUSDT,buy,0.3439,0.0013714285714285,54.32073678358534,0.0,54.0,BUY,15797031309,0.0,False,54.0,54.0,0.0,BUY,0.00742824,0.0,-1.70808054,0.3439,11
2025-08-11 22:00:21.342948,TRXUSDT,sell,0.3441,0.0013285714285714,-180.9638804598953,54.0,-180.0,SELL,15797038877,-0.02140776,False,-234.0,234.0,54.0,SELL,0.03220776,0.0108,-1.7294883,0.3441,12
2025-08-11 22:01:38.372793,TRXUSDT,buy,0.3439,0.0013357142857142,54.32073678358534,-180.0,54.0,BUY,15797050272,0.00381096,False,234.0,234.0,180.0,BUY,0.03218904,0.036,-1.72567734,0.3439,13
2025-08-11 22:02:57.871670,TRXUSDT,buy,0.3438,0.0013428571428571,0.0,54.0,0.0,SELL,15797062360,-0.01282608,False,-54.0,54.0,54.0,SELL,0.00742608,-0.0054,-1.73850342,0.0,13
2025-08-11 22:08:17.857093,TRXUSDT,buy,0.3436,0.0013714285714285,54.1821781342404,0.0,54.0,BUY,15797112393,0.0,False,54.0,54.0,0.0,BUY,0.00742176,0.0,-1.73850342,0.3436,14
2025-08-11 22:10:59.052781,TRXUSDT,buy,0.3436,0.0013714285714285,180.607260447468,117.0,180.0,BUY,15797133381,0.0,False,63.0,63.0,0.0,BUY,0.00865872,0.0,-1.73850342,0.3436,14
2025-08-11 22:11:37.309989,TRXUSDT,buy,0.3436,0.0013714285714285,0.0,180.0,0.0,SELL,15797138191,-0.0247392,False,-180.0,180.0,180.0,SELL,0.0247392,0.0,-1.76324262,0.0,14
2025-08-11 22:14:06.848797,TRXUSDT,buy,0.3435,0.0013785714285714,53.9584918532751,0.0,53.0,BUY,15797159175,0.0,False,53.0,53.0,0.0,BUY,0.0072822,0.0,-1.76324262,0.3435,15
2025-08-11 22:15:33.115755,TRXUSDT,buy,0.3434,0.0013785714285714,53.97420486779266,116.0,54.0,SELL,15797172766,-0.01471632,False,-62.0,62.0,62.0,SELL,0.00851632,-0.0062,-1.77795894,0.3435,15
2025-08-11 22:17:38.705760,TRXUSDT,buy,0.3436,0.0013857142857142,0.0,54.0,0.0,SELL,15797193382,-0.00202176,False,-54.0,54.0,54.0,SELL,0.00742176,0.0054,-1.7799807,0.0,15
2025-08-11 22:21:52.206283,TRXUSDT,buy,0.3429,0.0014214285714285,0.0,27.0,0.0,SELL,15797244936,-0.00370332,False,-27.0,27.0,27.0,SELL,0.00370332,0.0,-1.78368402,0.0,15
2025-08-11 22:28:53.724150,TRXUSDT,buy,0.3428,0.0014214285714285,54.08170515971411,0.0,54.0,BUY,15797325663,0.0,False,54.0,54.0,0.0,BUY,0.00740448,0.0,-1.78368402,0.3428,16
2025-08-11 22:30:55.637677,TRXUSDT,buy,0.3429,0.0014214285714285,0.0,54.0,0.0,SELL,15797347890,-0.00200664,False,-54.0,54.0,54.0,SELL,0.00740664,0.0054,-1.78569066,0.0,16
2025-08-11 22:33:33.795814,TRXUSDT,buy,0.3432,0.0014214285714285,36.01244857954545,0.0,36.0,BUY,15797374567,0.0,False,36.0,36.0,0.0,BUY,0.00494208,0.0,-1.78569066,0.3432,17
2025-08-11 22:34:57.398290,TRXUSDT,buy,0.3434,0.0014214285714285,0.0,36.0,0.0,SELL,15797386139,0.00225504,False,-36.0,36.0,36.0,SELL,0.00494496,0.0072,-1.78343562,0.0,17
2025-08-11 22:39:18.281579,TRXUSDT,buy,0.3436,0.0014214285714285,68.02216165359428,0.0,68.0,BUY,15797421502,0.0,False,68.0,68.0,0.0,BUY,0.00934592,0.0,-1.78343562,0.3436,18
2025-08-11 22:41:15.772253,TRXUSDT,buy,0.3436,0.0014214285714285,226.7405388453143,68.0,226.0,BUY,15797438712,0.0,False,158.0,158.0,0.0,BUY,0.02171552,0.0,-1.78343562,0.3436,18
2025-08-11 22:41:55.824510,TRXUSDT,buy,0.3435,0.0014214285714285,45.36130954716157,226.0,46.0,SELL,15797444729,-0.042732,False,-180.0,180.0,180.0,SELL,0.024732,-0.018,-1.82616762,0.3436,18
2025-08-11 22:42:39.041616,TRXUSDT,buy,0.3435,0.0014214285714285,0.0,46.0,0.0,SELL,15797451609,-0.0109204,False,-46.0,46.0,46.0,SELL,0.0063204,-0.0046,-1.83708802,0.0,18
2025-08-12 06:04:26.099471,TRXUSDT,buy,0.347,0.0013642857142857,67.21049623422189,0.0,67.0,BUY,15801456672,0.0,False,67.0,67.0,0.0,BUY,0.0092996,0.0,-1.83708802,0.347,19
2025-08-12 06:05:48.260554,TRXUSDT,buy,0.347,0.0013642857142857,0.0,67.0,0.0,SELL,15801463034,-0.0092996,False,-67.0,67.0,67.0,SELL,0.0092996,0.0,-1.84638762,0.0,19
2025-08-12 06:08:02.771963,TRXUSDT,buy,0.3469,0.0013642857142857,44.81991389117902,0.0,44.0,BUY,15801478504,0.0,False,44.0,44.0,0.0,BUY,0.00610544,0.0,-1.84638762,0.3469,20
2025-08-12 06:09:27.460201,TRXUSDT,buy,0.3469,0.0013642857142857,0.0,44.0,0.0,SELL,15801484733,-0.00610544,False,-44.0,44.0,44.0,SELL,0.00610544,0.0,-1.85249306,0.0,20
2025-08-11 22:19:06.634931,UNIUSDT,buy,10.954,0.2710714285714284,1.6920523965309473,0.0,1.0,BUY,27627477022,0.0,False,1.0,1.0,0.0,BUY,0.0043816,0.0,-1.85249306,10.954,1
2025-08-11 22:19:51.120197,UNIUSDT,buy,10.92,0.2724285714285713,0.0,1.0,0.0,SELL,27627498825,-0.038368,False,-1.0,1.0,1.0,SELL,0.004368,-0.034,-1.89086106,0.0,1
2025-08-11 22:32:19.675104,UNIUSDT,buy,10.924,0.2759285714285712,1.131405378295496,0.0,1.0,BUY,27627778077,0.0,False,1.0,1.0,0.0,BUY,0.0043696,0.0,-1.89086106,10.924,2
2025-08-11 22:32:58.388961,UNIUSDT,buy,10.935,0.2759285714285712,0.0,1.0,0.0,SELL,27627793203,0.006626,False,-1.0,1.0,1.0,SELL,0.004374,0.011,-1.88423506,0.0,2
2025-08-11 22:35:42.311042,UNIUSDT,buy,10.953,0.2759285714285712,1.128409782936182,0.0,1.0,BUY,27627846098,0.0,False,1.0,1.0,0.0,BUY,0.0043812,0.0,-1.88423506,10.953,3
2025-08-11 22:36:21.338579,UNIUSDT,buy,10.953,0.2759285714285712,0.0,1.0,0.0,SELL,27627860205,-0.0043812,False,-1.0,1.0,1.0,SELL,0.0043812,0.0,-1.88861626,0.0,3
2025-08-12 06:06:39.046123,UNIUSDT,buy,11.246,0.2145714285714286,2.0738077710541525,0.0,2.0,BUY,27637018289,0.0,False,2.0,2.0,0.0,BUY,0.0089968,0.0,-1.88861626,11.246,4
2025-08-12 06:07:20.701962,UNIUSDT,buy,11.238,0.2145714285714286,0.0,2.0,0.0,SELL,27637029046,-0.0249904,False,-2.0,2.0,2.0,SELL,0.0089904,-0.016,-1.91360666,0.0,4
2025-08-12 06:10:14.562199,UNIUSDT,buy,11.231,0.2150000000000001,1.384385017260262,0.0,1.0,BUY,27637076941,0.0,False,1.0,1.0,0.0,BUY,0.0044924,0.0,-1.91360666,11.231,5
2025-08-11 16:24:22.471828,XRPUSDT,buy,3.2066,0.0416214285714285,17.483840832280762,0.0,17.48384083,BUY,SIM-XRPUSDT-1754929462470,0.0,True,17.48384083,17.48384083,0.0,BUY,0.02242547,0.0,-1.91360666,3.2066,1
2025-08-11 16:27:40.416089,XRPUSDT,buy,3.2059,0.0416214285714285,17.45793588963446,0.0,17.45793589,BUY,SIM-XRPUSDT-1754929660413,0.0,True,17.45793589,17.45793589,0.0,BUY,0.02238736,0.0,-1.91360666,3.2059,2
2025-08-11 16:31:38.730653,XRPUSDT,buy,3.2081,0.0416214285714285,17.4,0.0,17.4,BUY,SIM-XRPUSDT-1754929898729,0.0,True,17.4,17.4,0.0,BUY,0.02232838,0.0,-1.91360666,3.2081,3
2025-08-11 17:32:22.384150,XRPUSDT,buy,3.2011,0.0445,2.2426401696629203,0.0,2.2,BUY,115822198494,0.0,False,2.2,2.2,0.0,BUY,0.00281697,0.0,-1.91360666,3.2011,4
2025-08-11 17:37:36.561002,XRPUSDT,buy,3.1949,0.0445,2.241843158426965,0.0,2.2,BUY,115822998816,0.0,False,2.2,2.2,0.0,BUY,0.00281151,0.0,-1.91360666,3.1949,5
2025-08-11 17:43:34.800890,XRPUSDT,buy,3.1924,0.0445,7.859024567415728,0.0,7.8,BUY,115823743639,0.0,False,7.8,7.8,0.0,BUY,0.00996029,0.0,-1.91360666,3.1924,6
2025-08-11 17:48:04.474061,XRPUSDT,buy,3.18,0.0445,7.849304628089885,0.0,7.8,BUY,115824308514,0.0,False,7.8,7.8,0.0,BUY,0.0099216,0.0,-1.91360666,3.18,7
2025-08-11 18:01:10.541242,XRPUSDT,buy,3.1857,0.0436,8.008275801605496,0.0,8.0,BUY,115825848984,0.0,False,8.0,8.0,0.0,BUY,0.01019424,0.0,-1.91360666,3.1857,8
2025-08-11 18:02:15.385892,XRPUSDT,buy,3.1857,0.0437857142857143,11.961463823735718,8.0,11.9,BUY,115825997732,0.0,False,3.9,3.9,0.0,BUY,0.00496969,0.0,-1.91360666,3.1857,8
2025-08-11 18:04:24.305351,XRPUSDT,sell,3.1797,0.0439714285714286,-7.940629547270948,11.9,-7.9,SELL,115826256476,-0.09658322,False,-19.8,19.8,11.9,SELL,0.02518322,-0.0714,-2.01018988,3.1797,9
2025-08-11 18:04:56.682006,XRPUSDT,buy,3.1697,0.04475,7.802476535195525,-7.9,7.8,BUY,115826345112,0.05909428,False,15.7,15.7,7.9,BUY,0.01990572,0.079,-1.9510956,3.1697,10
2025-08-11 18:06:01.897625,XRPUSDT,buy,3.1734,0.0451285714285714,11.605535492165233,7.8,11.6,BUY,115826506534,0.0,False,3.8,3.8,0.0,BUY,0.00482357,0.0,-1.9510956,3.17091207,10
2025-08-11 18:06:39.713314,XRPUSDT,sell,3.1741,0.0451285714285714,-7.737023661443488,11.6,-7.7,SELL,115826614278,0.01247595,False,-19.3,19.3,11.6,SELL,0.02450405,0.03698,-1.93861965,3.1741,11
2025-08-11 18:07:12.106476,XRPUSDT,buy,3.1734,0.0451285714285714,7.737023661443488,-7.7,7.7,BUY,115826678418,-0.01415814,False,15.4,15.4,7.7,BUY,0.01954814,0.00539,-1.95277779,3.1734,12
2025-08-11 18:08:16.499916,XRPUSDT,sell,3.18,0.0451285714285714,-7.737023661443488,7.7,-7.7,SELL,115826831261,0.0312312,False,-15.4,15.4,7.7,SELL,0.0195888,0.05082,-1.92154659,3.18,13
2025-08-11 18:08:48.902901,XRPUSDT,buy,3.1848,0.0451285714285714,7.737023661443488,-7.7,7.7,BUY,115826907939,-0.05657837,False,15.4,15.4,7.7,BUY,0.01961837,-0.03696,-1.97812496,3.1848,14
2025-08-11 18:12:16.383910,XRPUSDT,buy,3.1882,0.0451285714285714,7.679914069484007,0.0,7.6,BUY,115827329280,0.0,False,7.6,7.6,0.0,BUY,0.00969213,0.0,-1.97812496,3.1882,15
2025-08-11 19:04:25.197286,XRPUSDT,sell,3.1995,0.0453214285714286,-7.640457899605983,0.0,-7.6,SELL,115833108463,0.0,False,-7.6,7.6,0.0,SELL,0.00972648,0.0,-1.97812496,3.1995,16
2025-08-11 19:23:48.259715,XRPUSDT,sell,3.1982,0.0462214285714286,-11.237530220908663,-7.6,-11.2,SELL,115835250928,0.0,False,-3.6,3.6,0.0,SELL,0.00460541,0.0,-1.97812496,3.19908214,16
2025-08-11 19:35:42.064779,XRPUSDT,sell,3.1989,0.0462214285714286,-7.415037930304431,0.0,-7.4,SELL,115836625793,0.0,False,-7.4,7.4,0.0,SELL,0.00946874,0.0,-1.97812496,3.1989,17
2025-08-11 21:35:41.033909,XRPUSDT,buy,3.144,0.0492357142857143,0.0,1.7,0.0,SELL,115851160334,-0.09546792,False,-1.7,1.7,1.7,SELL,0.00213792,-0.09333,-2.07359288,0.0,17
2025-08-11 21:37:36.434087,XRPUSDT,buy,3.1408,0.0492357142857143,2.2903837557787825,0.0,2.2,BUY,115851440370,0.0,False,2.2,2.2,0.0,BUY,0.0027639,0.0,-2.07359288,3.1408,18
2025-08-11 21:38:58.822069,XRPUSDT,buy,3.1423,0.0492357142857143,0.0,2.2,0.0,SELL,115851577647,0.00053478,False,-2.2,2.2,2.2,SELL,0.00276522,0.0033,-2.0730581,0.0,18
2025-08-11 21:59:10.946066,XRPUSDT,buy,3.1359,0.0496142857142857,5.961963713192385,0.0,5.9,BUY,115853720278,0.0,False,5.9,5.9,0.0,BUY,0.00740072,0.0,-2.0730581,3.1359,19
2025-08-11 21:59:39.702319,XRPUSDT,buy,3.1392,0.0496142857142857,5.950847789205848,0.0,5.9,BUY,115853759774,0.0,False,5.9,5.9,0.0,BUY,0.00740851,0.0,-2.0730581,3.1392,20
2025-08-11 22:00:18.288973,XRPUSDT,buy,3.1387,0.0421571428571429,0.0,5.9,0.0,SELL,115853828924,-0.01035733,False,-5.9,5.9,5.9,SELL,0.00740733,-0.00295,-2.08341544,0.0,20
2025-08-11 22:02:15.604706,XRPUSDT,sell,3.1292,0.0429642857142857,-5.969864943076505,0.0,-5.9,SELL,115854140245,0.0,False,-5.9,5.9,0.0,SELL,0.00738491,0.0,-2.08341544,3.1292,21
2025-08-11 22:02:54.523669,XRPUSDT,sell,3.1264,0.0430928571428572,-0.0,-5.9,0.0,BUY,115854220803,0.0091417,False,5.9,5.9,5.9,BUY,0.0073783,0.01652,-2.07427374,0.0,21
2025-08-11 22:08:14.156655,XRPUSDT,sell,3.1242,0.0432357142857143,-5.958964345088343,0.0,-5.9,SELL,115854908491,0.0,False,-5.9,5.9,0.0,SELL,0.00737311,0.0,-2.07427374,3.1242,22
2025-08-11 22:08:53.011880,XRPUSDT,sell,3.1265,0.0432571428571429,-0.0,-5.9,0.0,BUY,115854989608,-0.02094854,False,5.9,5.9,5.9,BUY,0.00737854,-0.01357,-2.09522228,0.0,22
2025-08-11 22:10:56.579439,XRPUSDT,sell,3.1325,0.0432571428571429,-5.943175229664805,0.0,-5.9,SELL,115855190496,0.0,False,-5.9,5.9,0.0,SELL,0.0073927,0.0,-2.09522228,3.1325,23
2025-08-11 22:14:03.693508,XRPUSDT,sell,3.1324,0.0432571428571429,-5.91710571817137,0.0,-5.9,SELL,115855489366,0.0,False,-5.9,5.9,0.0,SELL,0.00739246,0.0,-2.09522228,3.1324,24
2025-08-11 22:18:58.106540,XRPUSDT,sell,3.1341,0.0433642857142857,-0.0,-5.9,0.0,BUY,115856056161,-0.01742648,False,5.9,5.9,5.9,BUY,0.00739648,-0.01003,-2.11264876,0.0,24
2025-08-11 22:21:49.869574,XRPUSDT,sell,3.1261,0.0435928571428572,-5.929030405809154,0.0,-5.9,SELL,115856439370,0.0,False,-5.9,5.9,0.0,SELL,0.0073776,0.0,-2.11264876,3.1261,25
2025-08-11 22:23:12.148065,XRPUSDT,sell,3.1224,0.0435928571428572,-0.0,-5.9,0.0,BUY,115856606881,0.01446114,False,5.9,5.9,5.9,BUY,0.00736886,0.02183,-2.09818762,0.0,25
2025-08-11 22:28:50.300270,XRPUSDT,sell,3.1279,0.0437642857142858,-5.927046430112855,0.0,-5.9,SELL,115857378642,0.0,False,-5.9,5.9,0.0,SELL,0.00738184,0.0,-2.09818762,3.1279,26
2025-08-11 22:32:13.577305,XRPUSDT,sell,3.1313,0.0437642857142858,-0.0,-5.9,0.0,BUY,115857861309,-0.02744987,False,5.9,5.9,5.9,BUY,0.00738987,-0.02006,-2.12563749,0.0,26
2025-08-11 22:38:14.301964,XRPUSDT,buy,3.1394,0.0437642857142858,3.9368899638465935,0.0,3.9,BUY,115858575816,0.0,False,3.9,3.9,0.0,BUY,0.00489746,0.0,-2.12563749,3.1394,27
2025-08-11 22:38:53.391128,XRPUSDT,buy,3.1401,0.0437642857142858,0.0,3.9,0.0,SELL,115858638341,-0.00216856,False,-3.9,3.9,3.9,SELL,0.00489856,0.00273,-2.12780604,0.0,27
2025-08-11 22:39:15.092483,XRPUSDT,buy,3.1396,0.0437642857142858,7.444392516299845,0.0,7.4,BUY,115858670027,0.0,False,7.4,7.4,0.0,BUY,0.00929322,0.0,-2.12780604,3.1396,28
2025-08-11 22:39:54.914048,XRPUSDT,buy,3.138,0.0437642857142858,0.0,7.4,0.0,SELL,115858761271,-0.02112848,False,-7.4,7.4,7.4,SELL,0.00928848,-0.01184,-2.14893452,0.0,28
2025-08-12 06:02:55.088309,XRPUSDT,sell,3.1453,0.0309785714285713,-7.4148863997949315,0.0,-7.4,SELL,115902497453,0.0,False,-7.4,7.4,0.0,SELL,0.00931009,0.0,-2.14893452,3.1453,29
2025-08-12 06:03:38.496723,XRPUSDT,sell,3.1456,0.0309785714285713,-0.0,-7.4,0.0,BUY,115902551134,-0.01153098,False,7.4,7.4,7.4,BUY,0.00931098,-0.00222,-2.1604655,0.0,29
2025-08-12 06:04:23.510712,XRPUSDT,sell,3.145,0.0309785714285713,-7.415593702154213,0.0,-7.4,SELL,115902596227,0.0,False,-7.4,7.4,0.0,SELL,0.0093092,0.0,-2.1604655,3.145,30
2025-08-12 06:06:30.892256,XRPUSDT,sell,3.1396,0.0311714285714285,-24.761160862609884,-7.4,-24.7,SELL,115902746079,0.0,False,-17.3,17.3,0.0,SELL,0.02172603,0.0,-2.1604655,3.14121781,30
2025-08-12 06:07:59.815944,XRPUSDT,sell,3.1448,0.0311714285714285,-0.0,-24.7,0.0,BUY,115902862428,-0.11955062,False,24.7,24.7,24.7,BUY,0.03107062,-0.08848,-2.28001612,0.0,30
2025-08-12 06:09:24.836678,XRPUSDT,sell,3.1403,0.0311714285714285,-24.755641385934464,0.0,-24.7,SELL,115902962876,0.0,False,-24.7,24.7,0.0,SELL,0.03102616,0.0,-2.28001612,3.1403,31
