timestamp,symbol,position_size,entry_price,realized_pnl,equity
2025-08-11T17:09:35.333174,BTCUSDT,0.0,0.0,0.0,20.0
2025-08-11T17:09:35.333174,ETHUSDT,0.0,0.0,0.0,20.0
2025-08-11T17:09:35.333174,XRPUSDT,2.4,3.1953,0.0,20.0
2025-08-11T17:09:35.333174,SOLUSDT,-0.04,179.39,-0.013600000000000136,20.0
2025-08-11T17:09:35.333174,SHIBUSDT,0.0,0.0,0.0,20.0
2025-08-11T17:43:02.758052,BTCUSDT,0.0,0.0,0.0,19.95240411
2025-08-11T17:43:02.758052,ETHUSDT,0.0,0.0,0.0,19.95240411
2025-08-11T17:43:02.758052,XRPUSDT,2.2,3.1949,0.0,19.95240411
2025-08-11T17:43:02.758052,SOLUSDT,-0.04,178.77,0.0,19.95240411
2025-08-11T17:53:32.599544,BTCUSDT,0.0,0.0,0.0,69.85881119
2025-08-11T17:53:32.599544,ETHUSDT,0.0,0.0,0.0,69.85881119
2025-08-11T17:53:32.599544,XRPUSDT,7.8,3.18,0.0,69.85881119
2025-08-11T17:53:32.599544,SOLUSDT,-0.16,178.22,0.0,69.85881119
2025-08-11T18:06:40.164187,BTCUSDT,0.0,0.0,0.0,69.83216499
2025-08-11T18:06:40.164187,ETHUSDT,0.007,4282.59,0.0,69.83216499
2025-08-11T18:06:40.164187,XRPUSDT,-7.700000000000003,3.1741,-0.11341999999999419,69.83216499
2025-08-11T18:06:40.164187,SOLUSDT,-0.16,177.79,0.0,69.83216499
2025-08-11T18:17:18.504970,BTCUSDT,0.0,0.0,0.0,69.31671013
2025-08-11T18:17:18.504970,ETHUSDT,0.0,0.0,0.0,69.31671013
2025-08-11T18:17:18.504970,XRPUSDT,7.6,3.1882,0.0,69.31671013
2025-08-11T18:17:18.504970,SOLUSDT,0.15,177.75,-0.003000000000001535,69.31671013
2025-08-11T18:17:18.504970,ADAUSDT,-28.0,0.7896,0.0,69.31671013
2025-08-11T18:17:18.504970,BNBUSDT,0.02,805.6,0.0,69.31671013
2025-08-11T18:17:18.504970,TRXUSDT,-141.0,0.3442,0.0,69.31671013
2025-08-11T18:17:18.504970,ARBUSDT,0.0,0.0,0.0,69.31671013
2025-08-11T18:17:18.504970,OPUSDT,0.0,0.0,0.0,69.31671013
2025-08-11T18:17:18.504970,AVAXUSDT,0.0,0.0,0.0,69.31671013
2025-08-11T18:17:18.504970,DOGEUSDT,-46.0,0.22969,0.0,69.31671013
2025-08-11T18:17:18.504970,LTCUSDT,0.0,0.0,0.0,69.31671013
2025-08-11T18:22:47.216867,BTCUSDT,0.0,0.0,0.0,69.31671013
2025-08-11T18:22:47.216867,ETHUSDT,0.0,0.0,0.0,69.31671013
2025-08-11T18:22:47.216867,XRPUSDT,7.6,3.1882,0.0,69.31671013
2025-08-11T18:22:47.216867,SOLUSDT,0.15,177.75,-0.003000000000001535,69.31671013
2025-08-11T18:22:47.216867,ADAUSDT,-28.0,0.7896,0.0,69.31671013
2025-08-11T18:22:47.216867,BNBUSDT,0.02,805.6,0.0,69.31671013
2025-08-11T18:22:47.216867,TRXUSDT,-141.0,0.3442,0.0,69.31671013
2025-08-11T18:22:47.216867,ARBUSDT,0.0,0.0,0.0,69.31671013
2025-08-11T18:22:47.216867,OPUSDT,0.0,0.0,0.0,69.31671013
2025-08-11T18:22:47.216867,AVAXUSDT,0.0,0.0,0.0,69.31671013
2025-08-11T18:22:47.216867,DOGEUSDT,-46.0,0.22969,0.0,69.31671013
2025-08-11T18:22:47.216867,LTCUSDT,0.0,0.0,0.0,69.31671013
2025-08-11T18:29:23.350555,BTCUSDT,0.0,0.0,0.0,69.38590646
2025-08-11T18:29:23.350555,ETHUSDT,0.0,0.0,0.0,69.38590646
2025-08-11T18:29:23.350555,XRPUSDT,0.0,0.0,0.0,69.38590646
2025-08-11T18:29:23.350555,SOLUSDT,0.15,177.72,0.0,69.38590646
2025-08-11T18:29:23.350555,ADAUSDT,-28.0,0.7912,0.0,69.38590646
2025-08-11T18:29:23.350555,BNBUSDT,0.0,0.0,0.0,69.38590646
2025-08-11T18:29:23.350555,TRXUSDT,0,0,0.056000000000009376,69.38590646
2025-08-11T18:29:23.350555,ARBUSDT,0.0,0.0,0.0,69.38590646
2025-08-11T18:29:23.350555,OPUSDT,0.0,0.0,0.0,69.38590646
2025-08-11T18:29:23.350555,AVAXUSDT,0.0,0.0,0.0,69.38590646
2025-08-11T18:29:23.350555,DOGEUSDT,0.0,0.0,0.0,69.38590646
2025-08-11T18:29:23.350555,LTCUSDT,0.0,0.0,0.0,69.38590646
2025-08-11T18:40:46.873306,BTCUSDT,0.0,0.0,0.0,69.25529339
2025-08-11T18:40:46.873306,ETHUSDT,0.0,0.0,0.0,69.25529339
2025-08-11T18:40:46.873306,XRPUSDT,0.0,0.0,0.0,69.25529339
2025-08-11T18:40:46.873306,SOLUSDT,0.15,178.26,0.0,69.25529339
2025-08-11T18:40:46.873306,ADAUSDT,28.0,0.7944000000000001,0.0,69.25529339
2025-08-11T18:40:46.873306,BNBUSDT,0.0,0.0,0.0,69.25529339
2025-08-11T18:40:46.873306,TRXUSDT,280.0,0.3444,0.0,69.25529339
2025-08-11T18:40:46.873306,ARBUSDT,0.0,0.0,0.0,69.25529339
2025-08-11T18:40:46.873306,OPUSDT,0.0,0.0,0.0,69.25529339
2025-08-11T18:40:46.873306,AVAXUSDT,0.0,0.0,0.0,69.25529339
2025-08-11T18:40:46.873306,DOGEUSDT,0.0,0.0,0.0,69.25529339
2025-08-11T18:40:46.873306,LTCUSDT,0.0,0.0,0.0,69.25529339
2025-08-11T18:45:52.179242,BTCUSDT,0.0,0.0,0.0,69.25529339
2025-08-11T18:45:52.179242,ETHUSDT,0.0,0.0,0.0,69.25529339
2025-08-11T18:45:52.179242,XRPUSDT,0.0,0.0,0.0,69.25529339
2025-08-11T18:45:52.179242,SOLUSDT,0.15,178.26,0.0,69.25529339
2025-08-11T18:45:52.179242,ADAUSDT,-28.0,0.7914,-0.08400000000000318,69.25529339
2025-08-11T18:45:52.179242,BNBUSDT,0.0,0.0,0.0,69.25529339
2025-08-11T18:45:52.179242,TRXUSDT,280.0,0.3444,0.0,69.25529339
2025-08-11T18:45:52.179242,ARBUSDT,0.0,0.0,0.0,69.25529339
2025-08-11T18:45:52.179242,OPUSDT,0.0,0.0,0.0,69.25529339
2025-08-11T18:45:52.179242,AVAXUSDT,0.0,0.0,0.0,69.25529339
2025-08-11T18:45:52.179242,DOGEUSDT,0.0,0.0,0.0,69.25529339
2025-08-11T18:45:52.179242,LTCUSDT,0.0,0.0,0.0,69.25529339
2025-08-11T18:51:00.895136,BTCUSDT,0.0,0.0,0.0,69.25529339
2025-08-11T18:51:00.895136,ETHUSDT,0.0,0.0,0.0,69.25529339
2025-08-11T18:51:00.895136,XRPUSDT,0.0,0.0,0.0,69.25529339
2025-08-11T18:51:00.895136,SOLUSDT,0.15,178.26,0.0,69.25529339
2025-08-11T18:51:00.895136,ADAUSDT,28.0,0.7923,-0.05880000000000285,69.25529339
2025-08-11T18:51:00.895136,BNBUSDT,0.0,0.0,0.0,69.25529339
2025-08-11T18:51:00.895136,TRXUSDT,280.0,0.3444,0.0,69.25529339
2025-08-11T18:51:00.895136,ARBUSDT,0.0,0.0,0.0,69.25529339
2025-08-11T18:51:00.895136,OPUSDT,0.0,0.0,0.0,69.25529339
2025-08-11T18:51:00.895136,AVAXUSDT,0.0,0.0,0.0,69.25529339
2025-08-11T18:51:00.895136,DOGEUSDT,0.0,0.0,0.0,69.25529339
2025-08-11T18:51:00.895136,LTCUSDT,0.0,0.0,0.0,69.25529339
2025-08-11T18:56:02.040602,BTCUSDT,0.0,0.0,0.0,69.25529339
2025-08-11T18:56:02.040602,ETHUSDT,0.0,0.0,0.0,69.25529339
2025-08-11T18:56:02.040602,XRPUSDT,0.0,0.0,0.0,69.25529339
2025-08-11T18:56:02.040602,SOLUSDT,0.15,178.26,0.0,69.25529339
2025-08-11T18:56:02.040602,ADAUSDT,28.0,0.7931,-0.03640000000000221,69.25529339
2025-08-11T18:56:02.040602,BNBUSDT,0.0,0.0,0.0,69.25529339
2025-08-11T18:56:02.040602,TRXUSDT,280.0,0.3444,0.0,69.25529339
2025-08-11T18:56:02.040602,ARBUSDT,0.0,0.0,0.0,69.25529339
2025-08-11T18:56:02.040602,OPUSDT,0.0,0.0,0.0,69.25529339
2025-08-11T18:56:02.041599,AVAXUSDT,0.0,0.0,0.0,69.25529339
2025-08-11T18:56:02.041599,DOGEUSDT,0.0,0.0,0.0,69.25529339
2025-08-11T18:56:02.041599,LTCUSDT,0.0,0.0,0.0,69.25529339
2025-08-11T19:01:38.231038,BTCUSDT,0.0,0.0,0.0,69.25529339
2025-08-11T19:01:38.231038,ETHUSDT,0.0,0.0,0.0,69.25529339
2025-08-11T19:01:38.231038,XRPUSDT,0.0,0.0,0.0,69.25529339
2025-08-11T19:01:38.231038,SOLUSDT,0.15,178.26,0.0,69.25529339
2025-08-11T19:01:38.231038,ADAUSDT,28.0,0.7931,-0.03640000000000221,69.25529339
2025-08-11T19:01:38.231038,BNBUSDT,0.0,0.0,0.0,69.25529339
2025-08-11T19:01:38.231038,TRXUSDT,280.0,0.3444,0.0,69.25529339
2025-08-11T19:01:38.231038,ARBUSDT,48.9,0.4515,0.0,69.25529339
2025-08-11T19:01:38.231038,OPUSDT,-13.3,0.77,0.0,69.25529339
2025-08-11T19:01:38.231038,AVAXUSDT,0.0,0.0,0.0,69.25529339
2025-08-11T19:01:38.231038,DOGEUSDT,0.0,0.0,0.0,69.25529339
2025-08-11T19:01:38.231038,LTCUSDT,0.0,0.0,0.0,69.25529339
2025-08-11T19:06:39.100194,BTCUSDT,0.0,0.0,0.0,69.25529339
2025-08-11T19:06:39.100194,ETHUSDT,0.0,0.0,0.0,69.25529339
2025-08-11T19:06:39.100194,XRPUSDT,-7.6,3.1995,0.0,69.25529339
2025-08-11T19:06:39.100194,SOLUSDT,0.15,178.26,0.0,69.25529339
2025-08-11T19:06:39.100194,ADAUSDT,29.0,0.7922,-0.061200000000002475,69.25529339
2025-08-11T19:06:39.100194,BNBUSDT,0.0,0.0,0.0,69.25529339
2025-08-11T19:06:39.100194,TRXUSDT,280.0,0.3444,0.0,69.25529339
2025-08-11T19:06:39.100194,ARBUSDT,48.9,0.4515,0.0,69.25529339
2025-08-11T19:06:39.100194,OPUSDT,-26.4,0.77,0.013099999999999223,69.25529339
2025-08-11T19:06:39.100194,AVAXUSDT,0.0,0.0,0.0,69.25529339
2025-08-11T19:06:39.100194,DOGEUSDT,-47.0,0.23073,0.0,69.25529339
2025-08-11T19:06:39.100194,LTCUSDT,0.0,0.0,0.0,69.25529339
2025-08-11T19:11:39.420119,BTCUSDT,0.0,0.0,0.0,69.25529339
2025-08-11T19:11:39.420119,ETHUSDT,0.0,0.0,0.0,69.25529339
2025-08-11T19:11:39.420119,XRPUSDT,-7.6,3.1995,0.0,69.25529339
2025-08-11T19:11:39.420119,SOLUSDT,0.15,178.26,0.0,69.25529339
2025-08-11T19:11:39.420119,ADAUSDT,-29.0,0.7915,-0.08150000000000346,69.25529339
2025-08-11T19:11:39.420119,BNBUSDT,0.0,0.0,0.0,69.25529339
2025-08-11T19:11:39.420119,TRXUSDT,280.0,0.3444,0.0,69.25529339
2025-08-11T19:11:39.420119,ARBUSDT,48.9,0.4515,0.0,69.25529339
2025-08-11T19:11:39.420119,OPUSDT,26.300000000000004,0.771,0.03949999999999924,69.25529339
2025-08-11T19:11:39.420119,AVAXUSDT,0.0,0.0,0.0,69.25529339
2025-08-11T19:11:39.420119,DOGEUSDT,-47.0,0.23073,0.0,69.25529339
2025-08-11T19:11:39.420119,LTCUSDT,0.0,0.0,0.0,69.25529339
2025-08-11T19:16:43.906193,BTCUSDT,0.0,0.0,0.0,69.25529339
2025-08-11T19:16:43.906193,ETHUSDT,0.0,0.0,0.0,69.25529339
2025-08-11T19:16:43.906193,XRPUSDT,-7.6,3.1995,0.0,69.25529339
2025-08-11T19:16:43.906193,SOLUSDT,0.15,178.26,0.0,69.25529339
2025-08-11T19:16:43.906193,ADAUSDT,-29.0,0.7915,-0.08150000000000346,69.25529339
2025-08-11T19:16:43.906193,BNBUSDT,0.0,0.0,0.0,69.25529339
2025-08-11T19:16:43.907191,TRXUSDT,280.0,0.3444,0.0,69.25529339
2025-08-11T19:16:43.907191,ARBUSDT,48.9,0.4515,0.0,69.25529339
2025-08-11T19:16:43.907191,OPUSDT,-26.299999999999997,0.769,-0.01310000000000082,69.25529339
2025-08-11T19:16:43.907191,AVAXUSDT,0.0,0.0,0.0,69.25529339
2025-08-11T19:16:43.907191,DOGEUSDT,-70.0,0.230546,0.0,69.25529339
2025-08-11T19:16:43.907191,LTCUSDT,0.0,0.0,0.0,69.25529339
2025-08-11T19:21:46.496777,BTCUSDT,0.0,0.0,0.0,69.25529339
2025-08-11T19:21:46.496777,ETHUSDT,0.0,0.0,0.0,69.25529339
2025-08-11T19:21:46.496777,XRPUSDT,-7.6,3.1995,0.0,69.25529339
2025-08-11T19:21:46.496777,SOLUSDT,0.15,178.26,0.0,69.25529339
2025-08-11T19:21:46.496777,ADAUSDT,-29.0,0.7915,-0.08150000000000346,69.25529339
2025-08-11T19:21:46.496777,BNBUSDT,0.0,0.0,0.0,69.25529339
2025-08-11T19:21:46.496777,TRXUSDT,280.0,0.3444,0.0,69.25529339
2025-08-11T19:21:46.496777,ARBUSDT,48.9,0.4515,0.0,69.25529339
2025-08-11T19:21:46.496777,OPUSDT,-26.299999999999997,0.769,-0.01310000000000082,69.25529339
2025-08-11T19:21:46.496777,AVAXUSDT,0.0,0.0,0.0,69.25529339
2025-08-11T19:21:46.497776,DOGEUSDT,-70.0,0.230546,0.0,69.25529339
2025-08-11T19:21:46.497776,LTCUSDT,0.0,0.0,0.0,69.25529339
2025-08-11T19:26:49.536737,BTCUSDT,0.0,0.0,0.0,69.25529339
2025-08-11T19:26:49.536737,ETHUSDT,0.0,0.0,0.0,69.25529339
2025-08-11T19:26:49.536737,XRPUSDT,-11.2,3.1990821428571428,0.0,69.25529339
2025-08-11T19:26:49.536737,SOLUSDT,0.15,178.26,0.0,69.25529339
2025-08-11T19:26:49.536737,ADAUSDT,-29.0,0.7915,-0.08150000000000346,69.25529339
2025-08-11T19:26:49.536737,BNBUSDT,0.0,0.0,0.0,69.25529339
2025-08-11T19:26:49.536737,TRXUSDT,280.0,0.3444,0.0,69.25529339
2025-08-11T19:26:49.536737,ARBUSDT,48.9,0.4515,0.0,69.25529339
2025-08-11T19:26:49.536737,OPUSDT,26.0,0.771,0.03949999999999922,69.25529339
2025-08-11T19:26:49.536737,AVAXUSDT,0.0,0.0,0.0,69.25529339
2025-08-11T19:26:49.536737,DOGEUSDT,-93.0,0.23043817204301076,0.0,69.25529339
2025-08-11T19:26:49.536737,LTCUSDT,0.0,0.0,0.0,69.25529339
2025-08-11T19:32:12.505527,BTCUSDT,0.0,0.0,0.0,69.25529339
2025-08-11T19:32:12.505527,ETHUSDT,0.0,0.0,0.0,69.25529339
2025-08-11T19:32:12.505527,XRPUSDT,-11.2,3.1990821428571428,0.0,69.25529339
2025-08-11T19:32:12.505527,SOLUSDT,0.15,178.26,0.0,69.25529339
2025-08-11T19:32:12.505527,ADAUSDT,-29.0,0.7915,-0.08150000000000346,69.25529339
2025-08-11T19:32:12.505527,BNBUSDT,0.0,0.0,0.0,69.25529339
2025-08-11T19:32:12.505527,TRXUSDT,280.0,0.3444,0.0,69.25529339
2025-08-11T19:32:12.505527,ARBUSDT,48.9,0.4515,0.0,69.25529339
2025-08-11T19:32:12.505527,OPUSDT,-26.0,0.77,0.0134999999999992,69.25529339
2025-08-11T19:32:12.505527,AVAXUSDT,0.0,0.0,0.0,69.25529339
2025-08-11T19:32:12.505527,DOGEUSDT,-93.0,0.23043817204301076,0.0,69.25529339
2025-08-11T19:32:12.505527,LTCUSDT,0.0,0.0,0.0,69.25529339
2025-08-11T19:40:30.531278,BTCUSDT,0.0,0.0,0.0,68.54672921
2025-08-11T19:40:30.531278,ETHUSDT,0.0,0.0,0.0,68.54672921
2025-08-11T19:40:30.531278,XRPUSDT,-7.4,3.1989,0.0,68.54672921
2025-08-11T19:40:30.531278,SOLUSDT,-0.16,178.2,0.0,68.54672921
2025-08-11T19:40:30.531278,ADAUSDT,28.0,0.7923,0.0,68.54672921
2025-08-11T19:40:30.531278,BNBUSDT,0.0,0.0,0.0,68.54672921
2025-08-11T19:40:30.531278,TRXUSDT,0.0,0.0,0.0,68.54672921
2025-08-11T19:40:30.531278,ARBUSDT,-47.1,0.4513,0.0,68.54672921
2025-08-11T19:40:30.531278,OPUSDT,25.7,0.7709999999999999,0.0,68.54672921
2025-08-11T19:40:30.531278,AVAXUSDT,0.0,0.0,0.0,68.54672921
2025-08-11T19:40:30.531278,DOGEUSDT,-136.0,0.22939125,0.0,68.54672921
2025-08-11T19:40:30.531278,LTCUSDT,0.0,0.0,0.0,68.54672921
2025-08-11T19:47:09.623145,BTCUSDT,0.0,0.0,0.0,68.52302876
2025-08-11T19:47:09.623145,ETHUSDT,0.0,0.0,0.0,68.52302876
2025-08-11T19:47:09.623145,XRPUSDT,0.0,0.0,0.0,68.52302876
2025-08-11T19:47:09.623145,SOLUSDT,0.0,0.0,0.0,68.52302876
2025-08-11T19:47:09.623145,ADAUSDT,0.0,0.0,0.0,68.52302876
2025-08-11T19:47:09.623145,BNBUSDT,0.0,0.0,0.0,68.52302876
2025-08-11T19:47:09.623145,TRXUSDT,0.0,0.0,0.0,68.52302876
2025-08-11T19:47:09.623145,ARBUSDT,0.0,0.0,0.0,68.52302876
2025-08-11T19:47:09.623145,OPUSDT,0.0,0.0,0.0,68.52302876
2025-08-11T19:47:09.623145,AVAXUSDT,0.0,0.0,0.0,68.52302876
2025-08-11T19:47:09.623145,DOGEUSDT,0.0,0.0,0.0,68.52302876
2025-08-11T19:47:09.623145,LTCUSDT,0.0,0.0,0.0,68.52302876
2025-08-11T19:52:47.671220,BTCUSDT,0.0,0.0,0.0,68.52302876
2025-08-11T19:52:47.671736,ETHUSDT,0.0,0.0,0.0,68.52302876
2025-08-11T19:52:47.671736,XRPUSDT,0.0,0.0,0.0,68.52302876
2025-08-11T19:52:47.671736,SOLUSDT,0.0,0.0,0.0,68.52302876
2025-08-11T19:52:47.671736,ADAUSDT,0.0,0.0,0.0,68.52302876
2025-08-11T19:52:47.671736,BNBUSDT,0.0,0.0,0.0,68.52302876
2025-08-11T19:52:47.671736,TRXUSDT,0.0,0.0,0.0,68.52302876
2025-08-11T19:52:47.671736,ARBUSDT,0.0,0.0,0.0,68.52302876
2025-08-11T19:52:47.671736,OPUSDT,0.0,0.0,0.0,68.52302876
2025-08-11T19:52:47.671736,AVAXUSDT,0.0,0.0,0.0,68.52302876
2025-08-11T19:52:47.671736,DOGEUSDT,0.0,0.0,0.0,68.52302876
2025-08-11T19:52:47.671736,LTCUSDT,0.0,0.0,0.0,68.52302876
2025-08-11T19:58:23.012507,BTCUSDT,0.0,0.0,0.0,68.52302876
2025-08-11T19:58:23.012507,ETHUSDT,0.0,0.0,0.0,68.52302876
2025-08-11T19:58:23.012507,XRPUSDT,0.0,0.0,0.0,68.52302876
2025-08-11T19:58:23.012507,SOLUSDT,0.0,0.0,0.0,68.52302876
2025-08-11T19:58:23.012507,ADAUSDT,0.0,0.0,0.0,68.52302876
2025-08-11T19:58:23.012507,BNBUSDT,0.0,0.0,0.0,68.52302876
2025-08-11T19:58:23.012507,TRXUSDT,0.0,0.0,0.0,68.52302876
2025-08-11T19:58:23.012507,ARBUSDT,0.0,0.0,0.0,68.52302876
2025-08-11T19:58:23.012507,OPUSDT,0.0,0.0,0.0,68.52302876
2025-08-11T19:58:23.012507,AVAXUSDT,0.0,0.0,0.0,68.52302876
2025-08-11T19:58:23.012507,DOGEUSDT,0.0,0.0,0.0,68.52302876
2025-08-11T19:58:23.012507,LTCUSDT,0.0,0.0,0.0,68.52302876
2025-08-11T20:08:26.670532,BTCUSDT,0.0,0.0,0.0,68.52302876
2025-08-11T20:08:26.670532,ETHUSDT,0.0,0.0,0.0,68.52302876
2025-08-11T20:08:26.670532,XRPUSDT,3.5,3.1454,0.0,68.52302876
2025-08-11T20:08:26.670532,SOLUSDT,0.15,176.45,0.0,68.52302876
2025-08-11T20:08:26.670532,ADAUSDT,-27.0,0.7848,0.03240000000000243,68.52302876
2025-08-11T20:08:26.670532,BNBUSDT,0.0,0.0,0.0,68.52302876
2025-08-11T20:08:26.670532,TRXUSDT,-270.0,0.3446,0.0,68.52302876
2025-08-11T20:08:26.670532,ARBUSDT,0.0,0.0,0.0,68.52302876
2025-08-11T20:08:26.670532,OPUSDT,0.0,0.0,0.0,68.52302876
2025-08-11T20:08:26.670532,AVAXUSDT,0.0,0.0,0.0,68.52302876
2025-08-11T20:08:26.670532,DOGEUSDT,0.0,0.0,0.0,68.52302876
2025-08-11T20:08:26.670532,LTCUSDT,0.0,0.0,0.0,68.52302876
2025-08-11T20:13:49.977362,BTCUSDT,0.0,0.0,0.0,68.52302876
2025-08-11T20:13:49.977362,ETHUSDT,0.0,0.0,0.0,68.52302876
2025-08-11T20:13:49.977362,XRPUSDT,3.5,3.1454,0.0,68.52302876
2025-08-11T20:13:49.977362,SOLUSDT,0.15,176.45,0.0,68.52302876
2025-08-11T20:13:49.977362,ADAUSDT,-27.0,0.783,-0.016199999999998216,68.52302876
2025-08-11T20:13:49.977362,BNBUSDT,0.0,0.0,0.0,68.52302876
2025-08-11T20:13:49.977362,TRXUSDT,-270.0,0.3446,0.0,68.52302876
2025-08-11T20:13:49.977362,ARBUSDT,0.0,0.0,0.0,68.52302876
2025-08-11T20:13:49.977362,OPUSDT,0.0,0.0,0.0,68.52302876
2025-08-11T20:13:49.977362,AVAXUSDT,0.0,0.0,0.0,68.52302876
2025-08-11T20:13:49.977362,DOGEUSDT,0.0,0.0,0.0,68.52302876
2025-08-11T20:13:49.977362,LTCUSDT,0.0,0.0,0.0,68.52302876
2025-08-11T20:18:50.127445,BTCUSDT,0.0,0.0,0.0,68.52302876
2025-08-11T20:18:50.127445,ETHUSDT,0.0,0.0,0.0,68.52302876
2025-08-11T20:18:50.127445,XRPUSDT,3.5,3.1454,0.0,68.52302876
2025-08-11T20:18:50.127445,SOLUSDT,0.15,176.45,0.0,68.52302876
2025-08-11T20:18:50.127445,ADAUSDT,-27.0,0.783,-0.016199999999998216,68.52302876
2025-08-11T20:18:50.127445,BNBUSDT,0.0,0.0,0.0,68.52302876
2025-08-11T20:18:50.127445,TRXUSDT,-270.0,0.3446,0.0,68.52302876
2025-08-11T20:18:50.127445,ARBUSDT,0.0,0.0,0.0,68.52302876
2025-08-11T20:18:50.127445,OPUSDT,0.0,0.0,0.0,68.52302876
2025-08-11T20:18:50.127445,AVAXUSDT,0.0,0.0,0.0,68.52302876
2025-08-11T20:18:50.127445,DOGEUSDT,0.0,0.0,0.0,68.52302876
2025-08-11T20:18:50.127445,LTCUSDT,0.0,0.0,0.0,68.52302876
2025-08-11T20:44:38.237438,BTCUSDT,0.0,0.0,0.0,68.62597525
2025-08-11T20:44:38.237438,ETHUSDT,0.0,0.0,0.0,68.62597525
2025-08-11T20:44:38.237438,XRPUSDT,0.0,0.0,0.0,68.62597525
2025-08-11T20:44:38.237438,SOLUSDT,0.0,0.0,0.0,68.62597525
2025-08-11T20:44:38.237438,ADAUSDT,0.0,0.0,0.0,68.62597525
2025-08-11T20:44:38.237438,BNBUSDT,0.0,0.0,0.0,68.62597525
2025-08-11T20:44:38.237438,TRXUSDT,265.0,0.3449,0.0,68.62597525
2025-08-11T20:44:38.237438,ARBUSDT,0.0,0.0,0.0,68.62597525
2025-08-11T20:44:38.237438,OPUSDT,0.0,0.0,0.0,68.62597525
2025-08-11T20:44:38.237438,AVAXUSDT,0.0,0.0,0.0,68.62597525
2025-08-11T20:44:38.237438,DOGEUSDT,0.0,0.0,0.0,68.62597525
2025-08-11T20:44:38.237438,LTCUSDT,0.0,0.0,0.0,68.62597525
2025-08-11T20:44:38.237438,SPELLUSDT,0.0,0.0,0.0,68.62597525
2025-08-11T20:50:32.157562,BTCUSDT,0.0,0.0,0.0,68.51083143
2025-08-11T20:50:32.157562,ETHUSDT,0.0,0.0,0.0,68.51083143
2025-08-11T20:50:32.157562,XRPUSDT,0.0,0.0,0.0,68.51083143
2025-08-11T20:50:32.157562,SOLUSDT,0.0,0.0,0.0,68.51083143
2025-08-11T20:50:32.157562,ADAUSDT,0.0,0.0,0.0,68.51083143
2025-08-11T20:50:32.157562,BNBUSDT,0.0,0.0,0.0,68.51083143
2025-08-11T20:50:32.157562,TRXUSDT,0.0,0.0,0.0,68.51083143
2025-08-11T20:50:32.157562,ARBUSDT,0.0,0.0,0.0,68.51083143
2025-08-11T20:50:32.157562,OPUSDT,0.0,0.0,0.0,68.51083143
2025-08-11T20:50:32.157562,AVAXUSDT,0.0,0.0,0.0,68.51083143
2025-08-11T20:50:32.157562,DOGEUSDT,0.0,0.0,0.0,68.51083143
2025-08-11T20:50:32.157562,LTCUSDT,0.0,0.0,0.0,68.51083143
2025-08-11T20:50:32.157562,SPELLUSDT,0.0,0.0,0.0,68.51083143
2025-08-11T20:58:59.085375,BTCUSDT,0.0,0.0,0.0,68.51083143
2025-08-11T20:58:59.085375,ETHUSDT,0.0,0.0,0.0,68.51083143
2025-08-11T20:58:59.085375,XRPUSDT,0.0,0.0,0.0,68.51083143
2025-08-11T20:58:59.085375,SOLUSDT,0.0,0.0,0.0,68.51083143
2025-08-11T20:58:59.085375,ADAUSDT,0.0,0.0,0.0,68.51083143
2025-08-11T20:58:59.085375,BNBUSDT,0.0,0.0,0.0,68.51083143
2025-08-11T20:58:59.085375,TRXUSDT,0.0,0.0,0.0,68.51083143
2025-08-11T20:58:59.085375,ARBUSDT,0.0,0.0,0.0,68.51083143
2025-08-11T20:58:59.085375,OPUSDT,0.0,0.0,0.0,68.51083143
2025-08-11T20:58:59.085375,AVAXUSDT,0.0,0.0,0.0,68.51083143
2025-08-11T20:58:59.085375,DOGEUSDT,0.0,0.0,0.0,68.51083143
2025-08-11T20:58:59.085375,LTCUSDT,0.0,0.0,0.0,68.51083143
2025-08-11T20:58:59.085375,SPELLUSDT,0.0,0.0,0.0,68.51083143
2025-08-11T21:13:50.746482,BTCUSDT,0.0,0.0,0.0,68.51083143
2025-08-11T21:13:50.746482,ETHUSDT,0.0,0.0,0.0,68.51083143
2025-08-11T21:13:50.746482,XRPUSDT,0.0,0.0,0.0,68.51083143
2025-08-11T21:13:50.746482,SOLUSDT,0.0,0.0,0.0,68.51083143
2025-08-11T21:13:50.746482,ADAUSDT,0.0,0.0,0.0,68.51083143
2025-08-11T21:13:50.746482,BNBUSDT,0.0,0.0,0.0,68.51083143
2025-08-11T21:13:50.746482,TRXUSDT,0.0,0.0,0.0,68.51083143
2025-08-11T21:13:50.746482,ARBUSDT,0.0,0.0,0.0,68.51083143
2025-08-11T21:13:50.746482,OPUSDT,0.0,0.0,0.0,68.51083143
2025-08-11T21:13:50.746482,AVAXUSDT,0.0,0.0,0.0,68.51083143
2025-08-11T21:13:50.746482,DOGEUSDT,0.0,0.0,0.0,68.51083143
2025-08-11T21:13:50.746482,LTCUSDT,0.0,0.0,0.0,68.51083143
2025-08-11T21:13:50.746482,SPELLUSDT,0.0,0.0,0.0,68.51083143
2025-08-11T21:24:57.491180,BTCUSDT,0.0,0.0,0.0,68.51083143
2025-08-11T21:24:57.491180,ETHUSDT,0.0,0.0,0.0,68.51083143
2025-08-11T21:24:57.491180,XRPUSDT,0.0,0.0,0.0,68.51083143
2025-08-11T21:24:57.491180,SOLUSDT,0.0,0.0,0.0,68.51083143
2025-08-11T21:24:57.491180,ADAUSDT,0.0,0.0,0.0,68.51083143
2025-08-11T21:24:57.491180,BNBUSDT,0.0,0.0,0.0,68.51083143
2025-08-11T21:24:57.491180,TRXUSDT,0.0,0.0,0.0,68.51083143
2025-08-11T21:24:57.491180,ARBUSDT,0.0,0.0,0.0,68.51083143
2025-08-11T21:24:57.491180,OPUSDT,0.0,0.0,0.0,68.51083143
2025-08-11T21:24:57.491180,AVAXUSDT,0.0,0.0,0.0,68.51083143
2025-08-11T21:24:57.491180,DOGEUSDT,0.0,0.0,0.0,68.51083143
2025-08-11T21:24:57.491180,LTCUSDT,0.0,0.0,0.0,68.51083143
2025-08-11T21:24:57.491180,SPELLUSDT,0.0,0.0,0.0,68.51083143
2025-08-11T21:39:45.955018,BTCUSDT,0.0,0.0,0.0,68.51083143
2025-08-11T21:39:45.955018,ETHUSDT,0.0,0.0,0.0,68.51083143
2025-08-11T21:39:45.955018,XRPUSDT,0,0,0.002790000000000559,68.51083143
2025-08-11T21:39:45.955018,SOLUSDT,0.2,175.00799999999998,-0.010200000000000955,68.51083143
2025-08-11T21:39:45.955018,ADAUSDT,0,0,-0.0013000000000027434,68.51083143
2025-08-11T21:39:45.955018,BNBUSDT,-0.04,802.4762500000002,-0.015850000000000364,68.51083143
2025-08-11T21:39:45.955018,TRXUSDT,0,0,-0.006199999999999317,68.51083143
2025-08-11T21:39:45.955018,ARBUSDT,0,0,0.026949999999998392,68.51083143
2025-08-11T21:39:45.955018,OPUSDT,-9.599999999999998,0.7560084033613447,-0.02821932773109429,68.51083143
2025-08-11T21:39:45.955018,AVAXUSDT,0.0,0.0,0.0,68.51083143
2025-08-11T21:39:45.955018,DOGEUSDT,-32.0,0.22459,-0.01872000000000007,68.51083143
2025-08-11T21:39:45.955018,LTCUSDT,0.0,0.0,0.0,68.51083143
2025-08-11T21:39:45.955018,SPELLUSDT,0,0,-0.017063200000000413,68.51083143
2025-08-11T21:45:09.942074,BTCUSDT,0.0,0.0,0.0,68.51083143
2025-08-11T21:45:09.942074,ETHUSDT,0.0,0.0,0.0,68.51083143
2025-08-11T21:45:09.942074,XRPUSDT,0,0,0.002790000000000559,68.51083143
2025-08-11T21:45:09.942074,SOLUSDT,0.2,175.00799999999998,-0.010200000000000955,68.51083143
2025-08-11T21:45:09.942074,ADAUSDT,0,0,-0.0013000000000027434,68.51083143
2025-08-11T21:45:09.942074,BNBUSDT,-0.04,802.4762500000002,-0.015850000000000364,68.51083143
2025-08-11T21:45:09.942074,TRXUSDT,0,0,-0.006199999999999317,68.51083143
2025-08-11T21:45:09.942074,ARBUSDT,0,0,0.026949999999998392,68.51083143
2025-08-11T21:45:09.942074,OPUSDT,-9.599999999999998,0.7560084033613447,-0.02821932773109429,68.51083143
2025-08-11T21:45:09.942074,AVAXUSDT,0.0,0.0,0.0,68.51083143
2025-08-11T21:45:09.942074,DOGEUSDT,-32.0,0.22459,-0.01872000000000007,68.51083143
2025-08-11T21:45:09.942074,LTCUSDT,0.0,0.0,0.0,68.51083143
2025-08-11T21:45:09.942074,SPELLUSDT,0,0,-0.017063200000000413,68.51083143
2025-08-11T21:50:34.490331,BTCUSDT,0.0,0.0,0.0,68.51083143
2025-08-11T21:50:34.490331,ETHUSDT,0.0,0.0,0.0,68.51083143
2025-08-11T21:50:34.490331,XRPUSDT,0,0,0.002790000000000559,68.51083143
2025-08-11T21:50:34.490331,SOLUSDT,0.2,175.00799999999998,-0.010200000000000955,68.51083143
2025-08-11T21:50:34.490331,ADAUSDT,0,0,-0.0013000000000027434,68.51083143
2025-08-11T21:50:34.490331,BNBUSDT,-0.04,802.4762500000002,-0.015850000000000364,68.51083143
2025-08-11T21:50:34.490331,TRXUSDT,0,0,-0.006199999999999317,68.51083143
2025-08-11T21:50:34.490331,ARBUSDT,0,0,0.026949999999998392,68.51083143
2025-08-11T21:50:34.490331,OPUSDT,-9.599999999999998,0.7560084033613447,-0.02821932773109429,68.51083143
2025-08-11T21:50:34.490331,AVAXUSDT,0.0,0.0,0.0,68.51083143
2025-08-11T21:50:34.490331,DOGEUSDT,-32.0,0.22459,-0.01872000000000007,68.51083143
2025-08-11T21:50:34.490331,LTCUSDT,0.0,0.0,0.0,68.51083143
2025-08-11T21:50:34.490331,SPELLUSDT,0,0,-0.017063200000000413,68.51083143
2025-08-11T21:56:04.782246,BTCUSDT,0.0,0.0,0.0,68.51083143
2025-08-11T21:56:04.782246,ETHUSDT,0.0,0.0,0.0,68.51083143
2025-08-11T21:56:04.782246,XRPUSDT,0,0,0.002790000000000559,68.51083143
2025-08-11T21:56:04.782246,SOLUSDT,0.2,175.00799999999998,-0.010200000000000955,68.51083143
2025-08-11T21:56:04.782246,ADAUSDT,0,0,-0.0013000000000027434,68.51083143
2025-08-11T21:56:04.782246,BNBUSDT,-0.04,802.4762500000002,-0.015850000000000364,68.51083143
2025-08-11T21:56:04.782246,TRXUSDT,0,0,-0.006199999999999317,68.51083143
2025-08-11T21:56:04.782246,ARBUSDT,0,0,0.026949999999998392,68.51083143
2025-08-11T21:56:04.782246,OPUSDT,-9.599999999999998,0.7560084033613447,-0.02821932773109429,68.51083143
2025-08-11T21:56:04.782246,AVAXUSDT,0.0,0.0,0.0,68.51083143
2025-08-11T21:56:04.782246,DOGEUSDT,-32.0,0.22459,-0.01872000000000007,68.51083143
2025-08-11T21:56:04.782246,LTCUSDT,0.0,0.0,0.0,68.51083143
2025-08-11T21:56:04.782246,SPELLUSDT,0,0,-0.017063200000000413,68.51083143
2025-08-11T22:04:59.426281,BTCUSDT,0.0,0.0,0.0,118.60889765
2025-08-11T22:04:59.426281,ETHUSDT,0.0,0.0,0.0,118.60889765
2025-08-11T22:04:59.426281,XRPUSDT,0,0,-0.01946999999999917,118.60889765
2025-08-11T22:04:59.426281,SOLUSDT,0,0,0.006999999999996477,118.60889765
2025-08-11T22:04:59.426281,ADAUSDT,-24.0,0.7723999999999999,-0.0359999999999987,118.60889765
2025-08-11T22:04:59.426281,BNBUSDT,0,0,0.009000000000007728,118.60889765
2025-08-11T22:04:59.426281,TRXUSDT,0,0,-0.030600000000003624,118.60889765
2025-08-11T22:04:59.426281,ARBUSDT,-0.09999999999999432,0.44098987252124655,-0.21022101274788807,118.60889765
2025-08-11T22:04:59.426281,OPUSDT,-82.5,0.7542993939393938,0.0,118.60889765
2025-08-11T22:04:59.426281,AVAXUSDT,0.0,0.0,0.0,118.60889765
2025-08-11T22:04:59.426281,DOGEUSDT,-83.0,0.22371,0.0,118.60889765
2025-08-11T22:04:59.427526,LTCUSDT,0.0,0.0,0.0,118.60889765
2025-08-11T22:04:59.427526,SPELLUSDT,37028.0,0.0005045,0.0,118.60889765
2025-08-11T22:04:59.427526,KASUSDT,0.0,0.0,0.0,118.60889765
