timestamp,symbol,signal,price,atr,target_qty,prev_pos,new_pos,side,order_id,realized_pnl,paper_trade
2025-08-11T16:24:20.679847,BTCUSDT,buy,120560.0,686.7228571428568,0.0010596741098478077,0.0,0.0010596741098478077,,SIM-BTCUSDT-1754929460678,0.0,True
2025-08-11T16:24:21.597013,ETHUSDT,buy,4344.02,48.09785714285714,0.015129622722975486,0.0,0.015129622722975486,,SIM-ETHUSDT-1754929461595,0.0,True
2025-08-11T16:24:22.471828,XRPUSDT,buy,3.2066,0.04162142857142857,17.483840832280762,0.0,17.483840832280762,,SIM-XRPUSDT-1754929462470,0.0,True
2025-08-11T16:24:23.481897,SOLUSDT,sell,180.09,2.0657142857142867,-0.35227641953561534,0.0,-0.35227641953561534,,SIM-SOLUSDT-1754929463480,0.0,True
2025-08-11T16:24:24.391256,SHIBUSDT,buy,1.334e-05,1.7214285714285708e-07,4227317.034427388,0.0,4227317.034427388,,SIM-SHIBUSDT-1754929464390,0.0,True
2025-08-11T16:27:37.415644,BTCUSDT,buy,120498.26,686.7228571428568,0.0010581040431043097,0.0,0.0010581040431043097,,SIM-BTCUSDT-1754929657414,0.0,True
2025-08-11T16:27:38.932130,ETHUSDT,buy,4344.89,48.09785714285714,0.015107205908920803,0.0,0.015107205908920803,,SIM-ETHUSDT-1754929658931,0.0,True
2025-08-11T16:27:40.416089,XRPUSDT,buy,3.2059,0.04162142857142857,17.45793588963446,0.0,17.45793588963446,,SIM-XRPUSDT-1754929660413,0.0,True
2025-08-11T16:27:41.946529,SOLUSDT,sell,179.96,2.0814285714285723,-0.34909880723713094,0.0,-0.34909880723713094,,SIM-SOLUSDT-1754929661944,0.0,True
2025-08-11T16:27:43.452788,SHIBUSDT,buy,1.334e-05,1.7214285714285708e-07,4221053.627755188,0.0,4221053.627755188,,SIM-SHIBUSDT-1754929663451,0.0,True
2025-08-11T16:31:36.967838,BTCUSDT,buy,120578.23,686.7228571428568,0.001,0.0,0.001,,SIM-BTCUSDT-1754929896965,0.0,True
2025-08-11T16:31:37.885233,ETHUSDT,buy,4352.18,48.09785714285714,0.015,0.0,0.015,,SIM-ETHUSDT-1754929897883,0.0,True
2025-08-11T16:31:38.730653,XRPUSDT,buy,3.2081,0.04162142857142857,17.4,0.0,17.4,,SIM-XRPUSDT-1754929898729,0.0,True
2025-08-11T16:31:39.567455,SOLUSDT,sell,180.05,2.0814285714285723,-0.34,0.0,-0.34,,SIM-SOLUSDT-1754929899565,0.0,True
2025-08-11T16:31:40.535773,SHIBUSDT,buy,1.335e-05,1.7214285714285708e-07,4228586.307452284,0.0,4228586.307452284,,SIM-SHIBUSDT-1754929900532,0.0,True
2025-08-11T17:32:22.384150,XRPUSDT,buy,3.2011,0.04450000000000002,2.2426401696629203,0.0,2.2,BUY,115822198494,0.0,False
2025-08-11T17:32:23.261673,SOLUSDT,sell,178.87,2.136428571428571,-0.04671229774991642,0.0,-0.04,SELL,135681394491,0.0,False
2025-08-11T17:37:36.561002,XRPUSDT,buy,3.1949,0.04450000000000002,2.241843158426965,0.0,2.2,BUY,115822998816,0.0,False
2025-08-11T17:37:37.463754,SOLUSDT,sell,178.77,2.136428571428571,-0.04669569668004012,0.0,-0.04,SELL,135682426831,0.0,False
2025-08-11T17:43:33.933510,ETHUSDT,buy,4306.47,50.06785714285719,0.006985052151365997,0.0,0.006,BUY,8389765936007853047,0.0,False
2025-08-11T17:43:34.800890,XRPUSDT,buy,3.1924,0.04450000000000002,7.859024567415728,0.0,7.8,BUY,115823743639,0.0,False
2025-08-11T17:43:35.683626,SOLUSDT,sell,178.73,2.136428571428571,-0.16369683401872287,0.0,-0.16,SELL,135683428644,0.0,False
2025-08-11T17:46:15.075018,ETHUSDT,hold,4300.59,50.06785714285719,0.0,0.006,0,SELL,8389765936008850105,-0.03528000000000066,False
2025-08-11T17:48:04.474061,XRPUSDT,buy,3.18,0.04450000000000002,7.849304628089885,0.0,7.8,BUY,115824308514,0.0,False
2025-08-11T17:48:05.323039,SOLUSDT,sell,178.22,2.156428571428571,-0.16197803190791657,0.0,-0.16,SELL,135684213056,0.0,False
2025-08-11T18:01:10.541242,XRPUSDT,buy,3.1857,0.04360000000000005,8.008275801605496,0.0,8.0,BUY,115825848984,0.0,False
2025-08-11T18:01:11.395768,SOLUSDT,sell,177.79,2.095714285714286,-0.1666070739366053,0.0,-0.16,SELL,135686353589,0.0,False
2025-08-11T18:02:15.385892,XRPUSDT,buy,3.1857,0.04378571428571432,11.961463823735718,8.0,11.9,BUY,115825997732,0.0,False
2025-08-11T18:04:23.391289,ETHUSDT,buy,4282.59,47.89642857142859,0.007289913577361865,0.0,0.007,BUY,8389765936018021255,0.0,False
2025-08-11T18:04:24.305351,XRPUSDT,sell,3.1797,0.04397142857142861,-7.940629547270948,11.9,-7.9,SELL,115826256476,-0.07139999999999742,False
2025-08-11T18:04:56.682006,XRPUSDT,buy,3.1697,0.04475000000000003,7.802476535195525,-7.9,7.799999999999999,BUY,115826345112,-0.15039999999999576,False
2025-08-11T18:06:01.897625,XRPUSDT,buy,3.1734,0.04512857142857147,11.605535492165233,7.799999999999999,11.599999999999998,BUY,115826506534,-0.15039999999999576,False
2025-08-11T18:06:39.713314,XRPUSDT,sell,3.1741,0.04512857142857147,-7.737023661443488,11.599999999999998,-7.700000000000003,SELL,115826614278,-0.11341999999999419,False
2025-08-11T18:07:12.106476,XRPUSDT,buy,3.1734,0.04512857142857147,7.737023661443488,-7.700000000000003,7.6999999999999975,BUY,115826678418,-0.11880999999999531,False
2025-08-11T18:08:16.499916,XRPUSDT,sell,3.18,0.04512857142857147,-7.737023661443488,7.6999999999999975,-7.700000000000003,SELL,115826831261,-0.06798999999999408,False
2025-08-11T18:08:48.902901,XRPUSDT,buy,3.1848,0.04512857142857147,7.737023661443488,-7.700000000000003,7.6999999999999975,BUY,115826907939,-0.03102999999999472,False
2025-08-11T18:12:16.383910,XRPUSDT,buy,3.1882,0.04512857142857147,7.679914069484007,0.0,7.6,BUY,115827329280,0.0,False
2025-08-11T18:12:17.348542,SOLUSDT,sell,177.77,2.1800000000000006,-0.15898328011467885,0.0,-0.15,SELL,135688486915,0.0,False
2025-08-11T18:12:18.267452,ADAUSDT,sell,0.7896,0.011985714285714275,-28.9163868241955,0.0,-28.0,SELL,56871585110,0.0,False
2025-08-11T18:14:59.478654,SOLUSDT,buy,177.75,2.1800000000000006,0.15898328011467885,-0.15,0.15,BUY,135688921717,-0.003000000000001535,False
2025-08-11T18:23:59.927320,TRXUSDT,buy,0.344,0.0012357142857142925,280.75222267051873,0.0,280.0,BUY,15795276181,0.0,False
2025-08-11T18:25:24.064667,SOLUSDT,buy,177.72,2.1800000000000006,0.15914198729357795,0.0,0.15,BUY,135690683503,0.0,False
2025-08-11T18:25:25.099184,ADAUSDT,sell,0.7912,0.012007142857142843,-28.8935957894111,0.0,-28.0,SELL,56871840803,0.0,False
2025-08-11T18:32:06.837350,ADAUSDT,buy,0.793,0.012149999999999985,28.55387097119345,-28.0,28.0,BUY,56871964497,0.050400000000000666,False
2025-08-11T18:32:07.876801,BNBUSDT,buy,808.33,7.775714285714311,0.0446170627613447,0.0,0.04,BUY,74141941775,0.0,False
2025-08-11T18:36:28.125801,TRXUSDT,buy,0.3444,0.0012357142857142925,280.22373047976726,0.0,280.0,BUY,15795374602,0.0,False
2025-08-11T18:39:56.445513,SOLUSDT,buy,178.26,2.182142857142858,0.15868643329950896,0.0,0.15,BUY,135693160326,0.0,False
2025-08-11T18:39:57.500222,ADAUSDT,buy,0.7944,0.01223571428571427,28.300470153531855,0.0,28.0,BUY,56872103567,0.0,False
2025-08-11T18:43:37.154934,ADAUSDT,sell,0.7914,0.012242857142857127,-28.28395879404905,28.0,-28.0,SELL,56872182958,-0.08400000000000318,False
2025-08-11T18:47:18.677701,ADAUSDT,buy,0.7923,0.012242857142857127,28.28395879404905,-28.0,28.0,BUY,56872262749,-0.05880000000000285,False
2025-08-11T18:48:06.432864,ADAUSDT,sell,0.7919,0.012242857142857127,-28.28395879404905,28.0,-28.0,SELL,56872276442,-0.07000000000000162,False
2025-08-11T18:49:31.224197,ADAUSDT,buy,0.7923,0.012242857142857127,28.28395879404905,-28.0,28.0,BUY,56872302444,-0.05880000000000285,False
2025-08-11T18:54:29.605035,ADAUSDT,sell,0.7922,0.01225714285714284,-28.250993807109598,28.0,-28.0,SELL,56872407880,-0.06160000000000254,False
2025-08-11T18:55:54.902927,ADAUSDT,buy,0.7931,0.01225714285714284,28.250993807109598,-28.0,28.0,BUY,56872434180,-0.03640000000000221,False
2025-08-11T19:00:07.320579,ARBUSDT,buy,0.4515,0.007071428571428574,48.968389265656555,0.0,48.9,BUY,12991414393,0.0,False
2025-08-11T19:04:25.197286,XRPUSDT,sell,3.1995,0.04532142857142861,-7.640457899605983,0.0,-7.6,SELL,115833108463,0.0,False
2025-08-11T19:04:30.800662,OPUSDT,sell,0.769,0.013071428571428583,-26.491095832240415,-13.3,-26.4,SELL,16686943504,0.0,False
2025-08-11T19:05:13.436230,OPUSDT,buy,0.771,0.013071428571428583,26.491095832240415,-26.4,26.4,BUY,16686948874,0.039499999999999244,False
2025-08-11T19:05:51.178071,ADAUSDT,sell,0.7918,0.011699999999999988,-29.59627922649576,28.0,-29.0,SELL,56872613015,-0.07280000000000442,False
2025-08-11T19:05:55.039130,OPUSDT,sell,0.77,0.013071428571428583,-26.491095832240415,26.4,-26.4,SELL,16686955241,0.013099999999999223,False
2025-08-11T19:06:32.852828,ADAUSDT,buy,0.7922,0.011699999999999988,29.59627922649576,-29.0,29.0,BUY,56872624468,-0.061200000000002475,False
2025-08-11T19:07:23.852336,OPUSDT,buy,0.771,0.013071428571428583,26.491095832240415,-26.4,26.4,BUY,16686969401,0.039499999999999244,False
2025-08-11T19:08:06.223215,OPUSDT,sell,0.77,0.013071428571428583,-26.491095832240415,26.4,-26.4,SELL,16686975615,0.013099999999999223,False
2025-08-11T19:09:24.889690,ADAUSDT,sell,0.7918,0.011707142857142845,-29.57822170408789,29.0,-29.0,SELL,56872675974,-0.07280000000000442,False
2025-08-11T19:10:12.246774,OPUSDT,buy,0.771,0.013142857142857154,26.347122485326068,-26.4,26.300000000000004,BUY,16686994779,0.039499999999999244,False
2025-08-11T19:10:50.357739,ADAUSDT,buy,0.792,0.01173571428571427,29.50621142604995,-29.0,29.0,BUY,56872703843,-0.06700000000000184,False
2025-08-11T19:10:54.893487,OPUSDT,sell,0.77,0.013142857142857154,-26.347122485326068,26.300000000000004,-26.299999999999997,SELL,16687001750,0.013199999999999216,False
2025-08-11T19:11:32.830490,ADAUSDT,sell,0.7915,0.01173571428571427,-29.50621142604995,29.0,-29.0,SELL,56872718121,-0.08150000000000346,False
2025-08-11T19:11:36.598356,OPUSDT,buy,0.771,0.013142857142857154,26.347122485326068,-26.299999999999997,26.300000000000004,BUY,16687008245,0.03949999999999924,False
2025-08-11T19:13:10.743486,OPUSDT,sell,0.769,0.013142857142857154,-26.347122485326068,26.300000000000004,-26.299999999999997,SELL,16687021120,-0.01310000000000082,False
2025-08-11T19:23:48.259715,XRPUSDT,sell,3.1982,0.0462214285714286,-11.237530220908663,-7.6,-11.2,SELL,115835250928,0.0,False
2025-08-11T19:23:54.170110,OPUSDT,buy,0.771,0.013285714285714298,26.06382009301073,-26.299999999999997,26.0,BUY,16687118446,0.03949999999999922,False
2025-08-11T19:23:55.945485,DOGEUSDT,sell,0.23011,0.003720000000000001,-93.08507176075267,-70.0,-93.0,SELL,79318035359,0.0,False
2025-08-11T19:31:30.165123,OPUSDT,sell,0.77,0.013285714285714298,-26.06382009301073,26.0,-26.0,SELL,16687178476,0.0134999999999992,False
2025-08-11T19:35:42.064779,XRPUSDT,sell,3.1989,0.0462214285714286,-7.415037930304431,0.0,-7.4,SELL,115836625793,0.0,False
2025-08-11T19:35:42.948364,SOLUSDT,sell,178.2,2.117142857142856,-0.16188498801282059,0.0,-0.16,SELL,135702520786,0.0,False
2025-08-11T19:35:43.830942,ADAUSDT,buy,0.7923,0.011892857142857125,28.818444712912957,0.0,28.0,BUY,56873206982,0.0,False
2025-08-11T19:35:46.575267,ARBUSDT,sell,0.4513,0.007264285714285715,-47.18063957423795,0.0,-47.1,SELL,12991651287,0.0,False
2025-08-11T19:35:47.499976,OPUSDT,buy,0.771,0.013285714285714298,25.797156154301053,0.0,25.7,BUY,16687215585,0.0,False
2025-08-11T19:35:48.913773,DOGEUSDT,sell,0.22956,0.003744285714285714,-91.53512103586418,0.0,-91.0,SELL,79318769391,0.0,False
2025-08-11T19:37:07.134001,DOGEUSDT,sell,0.22905,0.003768571428571429,-136.4178651829037,-91.0,-136.0,SELL,79318862151,0.0,False
2025-08-11T20:03:22.144250,SOLUSDT,buy,176.45,2.2064285714285705,0.1552804148009065,0.0,0.15,BUY,135707849403,0.0,False
2025-08-11T20:03:23.203251,ADAUSDT,sell,0.7836,0.012299999999999993,-27.854889739837414,0.0,-27.0,SELL,56873888761,0.0,False
2025-08-11T20:06:55.357985,ADAUSDT,buy,0.785,0.012299999999999993,27.854889739837414,-27.0,27.0,BUY,56873955428,0.03780000000000183,False
2025-08-11T20:06:57.756513,TRXUSDT,sell,0.3446,0.0012642857142857217,-270.99502899434873,0.0,-270.0,SELL,15796103719,0.0,False
2025-08-11T20:07:37.937593,ADAUSDT,sell,0.7848,0.012328571428571427,-27.790336113557363,27.0,-27.0,SELL,56873971781,0.03240000000000243,False
2025-08-11T20:10:31.817710,ADAUSDT,buy,0.7851,0.012328571428571427,27.790336113557363,-27.0,27.0,BUY,56874024470,0.040500000000001535,False
2025-08-11T20:11:15.794526,ADAUSDT,sell,0.783,0.012328571428571427,-27.790336113557363,27.0,-27.0,SELL,56874041206,-0.016199999999998216,False
2025-08-11T20:32:53.865699,SOLUSDT,buy,176.3,2.2485714285714278,0.15245838695362138,0.0,0.15,BUY,135712907561,0.0,False
2025-08-11T20:32:54.640305,ADAUSDT,sell,0.7842,0.012385714285714286,-27.678143144752017,0.0,-27.0,SELL,56874454548,0.0,False
2025-08-11T20:32:55.846315,TRXUSDT,buy,0.3448,0.0012928571428571511,265.15966968508116,0.0,265.0,BUY,15796331475,0.0,False
2025-08-11T20:34:16.564576,TRXUSDT,buy,0.3444,0.0012928571428571511,265.15966968508116,0,265.0,BUY,15796343724,-0.05299999999999416,False
2025-08-11T20:41:51.448448,TRXUSDT,buy,0.3449,0.0012928571428571511,265.40432417126897,0.0,265.0,BUY,15796397432,0.0,False
2025-08-11T21:34:22.999646,BNBUSDT,sell,803.57,7.675000000000019,-0.013428146832541035,0.0,-0.01,SELL,74146466409,0.0,False
2025-08-11T21:34:23.751900,TRXUSDT,buy,0.3444,0.0013214285714285765,31.33117291006097,0.0,31.0,BUY,15796811135,0.0,False
2025-08-11T21:35:04.253307,BNBUSDT,sell,803.2,7.675000000000019,-0.0447811086911728,-0.01,-0.04,SELL,74146483784,0.0,False
2025-08-11T21:35:05.053723,TRXUSDT,sell,0.3445,0.0013214285714285765,-31.32207822997097,31.0,-31.0,SELL,15796815987,0.0030999999999996586,False
2025-08-11T21:35:05.921130,ARBUSDT,sell,0.4402,0.007728571428571434,-24.512621422592,0.0,-24.5,SELL,12992585906,0.0,False
2025-08-11T21:35:07.093085,OPUSDT,sell,0.758,0.01385714285714287,-14.235430013489443,0.0,-14.2,SELL,16688414518,0.0,False
2025-08-11T21:35:41.033909,XRPUSDT,buy,3.144,0.049235714285714334,0.0,1.7,0,SELL,115851160334,-0.0005099999999995664,False
2025-08-11T21:35:41.884539,SOLUSDT,sell,175.06,2.23,-0.061638615047555106,0.0,-0.06,SELL,135722561319,0.0,False
2025-08-11T21:35:45.281856,ARBUSDT,sell,0.4402,0.007728571428571434,-0.0,-24.5,0,BUY,12992593366,-1.3600232051658168e-15,False
2025-08-11T21:35:47.659782,DOGEUSDT,sell,0.22453,0.0039014285714285717,-48.05796976005433,0.0,-48.0,SELL,79327223509,0.0,False
2025-08-11T21:36:20.774009,SOLUSDT,sell,174.89,2.23,-0.0,-0.06,0,BUY,135722651629,-0.010200000000000955,False
2025-08-11T21:36:21.578800,ADAUSDT,sell,0.7727,0.012307142857142859,-13.964612333667656,0.0,-13.0,SELL,56875605478,0.0,False
2025-08-11T21:36:24.965643,OPUSDT,sell,0.755,0.01385714285714287,-0.0,-14.2,-0.09999999999999964,BUY,16688431006,-0.04230000000000004,False
2025-08-11T21:36:26.138580,DOGEUSDT,sell,0.22414,0.0039014285714285717,-0.0,-48.0,0,BUY,79327266592,-0.01872000000000007,False
2025-08-11T21:36:27.345928,SPELLUSDT,sell,0.0005059,6.535714285714278e-06,-21329.227021595176,0.0,-21329.0,SELL,3549967904,0.0,False
2025-08-11T21:36:59.960915,ADAUSDT,sell,0.7726,0.012307142857142859,-0.0,-13.0,0,BUY,56875625209,-0.0013000000000027434,False
2025-08-11T21:37:00.700025,BNBUSDT,sell,801.66,7.921428571428594,-0.044867133823254246,-0.02,-0.04,SELL,74146569943,-0.015850000000000364,False
2025-08-11T21:37:01.445163,TRXUSDT,buy,0.3442,0.0013428571428571456,31.34937812383788,-31.0,31.0,BUY,15796836889,-0.006199999999999317,False
2025-08-11T21:37:02.204290,ARBUSDT,sell,0.4395,0.007771428571428576,-24.551663140443683,0,-24.5,SELL,12992608222,-1.3600232051658168e-15,False
2025-08-11T21:37:04.854392,SPELLUSDT,sell,0.0005051,6.535714285714278e-06,-0.0,-21329.0,0,BUY,3549970151,-0.017063200000000413,False
2025-08-11T21:37:36.434087,XRPUSDT,buy,3.1408,0.049235714285714334,2.2903837557787825,0,2.2,BUY,115851440370,-0.0005099999999995664,False
2025-08-11T21:37:39.125744,TRXUSDT,buy,0.3442,0.0013428571428571456,0.0,31.0,0,SELL,15796844165,-0.006199999999999317,False
2025-08-11T21:38:18.559216,SOLUSDT,buy,175.0,2.279285714285714,0.041106498857999996,0,0.04,BUY,135723034749,-0.010200000000000955,False
2025-08-11T21:38:22.803008,ARBUSDT,sell,0.4406,0.007771428571428576,-0.0,-24.5,0,BUY,12992618600,0.026949999999998392,False
2025-08-11T21:38:24.074702,OPUSDT,sell,0.757,0.013928571428571441,-9.502823381968296,-23.799999999999997,-9.599999999999998,BUY,16688456104,-0.02821932773109429,False
2025-08-11T21:38:25.858129,DOGEUSDT,sell,0.22459,0.0039014285714285717,-32.03008727080458,0,-32.0,SELL,79327406120,-0.01872000000000007,False
2025-08-11T21:38:58.822069,XRPUSDT,buy,3.1423,0.049235714285714334,0.0,2.2,0,SELL,115851577647,0.002790000000000559,False
2025-08-11T21:39:00.170269,SOLUSDT,buy,175.01,2.279285714285714,0.20552075024712874,0.04,0.2,BUY,135723134113,-0.010200000000000955,False
2025-08-11T21:59:10.946066,XRPUSDT,buy,3.1359,0.04961428571428577,5.961963713192385,0.0,5.9,BUY,115853720278,0.0,False
2025-08-11T21:59:11.823980,SOLUSDT,buy,174.95,2.281428571428571,0.1068655159085453,0.0,0.1,BUY,135726641322,0.0,False
2025-08-11T21:59:12.625655,ADAUSDT,sell,0.774,0.012307142857142859,-24.15519639302325,0.0,-24.0,SELL,56876072402,0.0,False
2025-08-11T21:59:13.389278,BNBUSDT,sell,802.45,7.96285714285716,-0.023298799935447687,0.0,-0.02,SELL,74147239359,0.0,False
2025-08-11T21:59:14.434900,TRXUSDT,buy,0.3439,0.001371428571428575,54.36499566211108,0.0,54.0,BUY,15797027512,0.0,False
2025-08-11T21:59:39.702319,XRPUSDT,buy,3.1392,0.04961428571428577,5.950847789205848,0.0,5.9,BUY,115853759774,0.0,False
2025-08-11T21:59:40.589172,SOLUSDT,buy,175.08,2.281428571428571,0.10669923109364289,0.0,0.1,BUY,135726705247,0.0,False
2025-08-11T21:59:41.504551,ADAUSDT,sell,0.7746,0.012307142857142859,-24.116836276626646,0.0,-24.0,SELL,56876080275,0.0,False
2025-08-11T21:59:42.321839,BNBUSDT,sell,803.04,7.96285714285716,-0.02326272835708682,0.0,-0.02,SELL,74147255474,0.0,False
2025-08-11T21:59:43.165171,TRXUSDT,buy,0.3439,0.001371428571428575,54.32073678358534,0.0,54.0,BUY,15797031309,0.0,False
2025-08-11T22:00:18.288973,XRPUSDT,buy,3.1387,0.04215714285714291,0.0,5.9,0,SELL,115853828924,-0.0029499999999983654,False
2025-08-11T22:00:19.045530,SOLUSDT,sell,175.0,2.107142857142857,-0.10674800788499998,0.1,-0.1,SELL,135726817784,-0.008000000000001251,False
2025-08-11T22:00:19.833041,ADAUSDT,buy,0.7747,0.011171428571428579,24.11372322173099,-24.0,24.0,BUY,56876093400,0.0024000000000024,False
2025-08-11T22:00:20.588188,BNBUSDT,sell,802.97,7.432857142857164,-0.07754918772338941,-0.02,-0.07,SELL,74147275386,0.0,False
2025-08-11T22:00:21.342948,TRXUSDT,sell,0.3441,0.0013285714285714329,-180.96388045989534,54.0,-180.0,SELL,15797038877,0.010800000000001808,False
2025-08-11T22:00:22.170812,ARBUSDT,sell,0.4412,0.007385714285714293,-42.3411182680757,0.0,-42.3,SELL,12992813783,0.0,False
2025-08-11T22:00:57.268099,SOLUSDT,buy,175.1,2.1114285714285717,0.0,-0.1,0,BUY,135726924778,0.001999999999998182,False
2025-08-11T22:00:58.107894,ADAUSDT,sell,0.7749,0.01118571428571429,-24.10749952235772,24.0,-24.0,SELL,56876103901,0.007200000000001872,False
2025-08-11T22:00:59.189384,BNBUSDT,sell,803.69,7.478571428571448,-0.023243914170731246,-0.07,-0.030000000000000006,BUY,74147295193,0.02800000000000182,False
2025-08-11T22:01:00.558699,ARBUSDT,sell,0.4409,0.0074571428571428644,-141.2330942759129,-42.3,-141.2,SELL,12992820645,0.0,False
2025-08-11T22:01:01.531515,OPUSDT,sell,0.755,0.015500000000000014,-24.74291573493377,0.0,-24.7,SELL,16688704651,0.0,False
2025-08-11T22:01:36.737233,ADAUSDT,sell,0.7731,0.011292857142857144,-0.0,-24.0,0,BUY,56876122591,-0.0359999999999987,False
2025-08-11T22:01:37.548835,BNBUSDT,sell,802.52,7.505714285714305,-0.07759267216549119,-0.030000000000000006,-0.07,SELL,74147323872,0.02800000000000182,False
2025-08-11T22:01:38.372793,TRXUSDT,buy,0.3439,0.0013357142857142892,54.32073678358534,-180.0,54.0,BUY,15797050272,-0.02520000000000422,False
2025-08-11T22:01:39.725173,OPUSDT,sell,0.754,0.015571428571428585,-82.58577091014588,-24.7,-82.5,SELL,16688715318,0.0,False
2025-08-11T22:02:15.604706,XRPUSDT,sell,3.1292,0.04296428571428579,-5.969864943076505,0,-5.9,SELL,115854140245,-0.0029499999999983654,False
2025-08-11T22:02:17.616152,BNBUSDT,sell,802.45,7.533571428571447,-0.0,-0.07,0,BUY,74147349711,0.009000000000007728,False
2025-08-11T22:02:21.263566,DOGEUSDT,sell,0.22371,0.00366214285714286,-83.50499029938312,0.0,-83.0,SELL,79328629397,0.0,False
2025-08-11T22:02:54.523669,XRPUSDT,sell,3.1264,0.043092857142857204,-0.0,-5.9,0,BUY,115854220803,-0.01946999999999917,False
2025-08-11T22:02:55.465243,SOLUSDT,sell,174.58,2.1514285714285717,-0.10700481945168402,0,-0.1,SELL,135727381616,0.001999999999998182,False
2025-08-11T22:02:57.871670,TRXUSDT,buy,0.3438,0.0013428571428571456,0.0,54.0,0,SELL,15797062360,-0.030600000000003624,False
2025-08-11T22:03:01.754583,SPELLUSDT,buy,0.0005045,6.36428571428571e-06,37028.54584712587,0.0,37028.0,BUY,3550001408,0.0,False
2025-08-11T22:03:34.310172,SOLUSDT,sell,174.63,2.1514285714285717,-0.0,-0.1,0,BUY,135727510769,0.006999999999996477,False
2025-08-11T22:03:35.105141,ADAUSDT,sell,0.7724,0.011364285714285716,-24.18552742086354,0,-24.0,SELL,56876175852,-0.0359999999999987,False
2025-08-11T22:03:36.853914,ARBUSDT,sell,0.4395,0.007557142857142861,-0.0,-141.2,-0.09999999999999432,BUY,12992844705,-0.21022101274788807,False
2025-08-11T22:08:14.156655,XRPUSDT,sell,3.1242,0.04323571428571436,-5.958964345088343,0.0,-5.9,SELL,115854908491,0.0,False
2025-08-11T22:08:14.968988,SOLUSDT,sell,174.25,2.1671428571428573,-0.10684072543428981,0.0,-0.1,SELL,135728330616,0.0,False
2025-08-11T22:08:15.792914,ADAUSDT,sell,0.7703,0.011492857142857147,-24.168501112456187,0.0,-24.0,SELL,56876272053,0.0,False
2025-08-11T22:08:16.708242,BNBUSDT,sell,799.66,7.722857142857159,-0.023281139993153344,0.0,-0.02,SELL,74147547710,0.0,False
2025-08-11T22:08:17.857093,TRXUSDT,buy,0.3436,0.001371428571428571,54.182178134240395,0.0,54.0,BUY,15797112393,0.0,False
2025-08-11T22:08:53.011880,XRPUSDT,sell,3.1265,0.04325714285714292,-0.0,-5.9,0,BUY,115854989608,0.013569999999999817,False
2025-08-11T22:08:55.801212,ARBUSDT,sell,0.4379,0.007685714285714291,-42.51426445975108,0.0,-42.5,SELL,12992885792,0.0,False
2025-08-11T22:09:30.916960,SOLUSDT,sell,174.33,2.1671428571428573,-0.0,-0.1,0,BUY,135728588928,0.008000000000001251,False
2025-08-11T22:10:15.932897,ADAUSDT,sell,0.7705,0.011514285714285715,-0.0,-24.0,0,BUY,56876303822,0.004799999999996807,False
2025-08-11T22:10:56.579439,XRPUSDT,sell,3.1325,0.04325714285714292,-5.943175229664805,0,-5.9,SELL,115855190496,0.013569999999999817,False
2025-08-11T22:10:58.321730,BNBUSDT,sell,800.49,7.722857142857159,-0.0,-0.02,0,BUY,74147606392,0.01660000000000082,False
2025-08-11T22:10:59.052781,TRXUSDT,buy,0.3436,0.001371428571428571,180.60726044746798,117.0,180.0,BUY,15797133381,0.0,False
2025-08-11T22:11:00.237689,OPUSDT,sell,0.75,0.016000000000000014,-24.8226618759,-12.4,-24.8,SELL,16688827821,0.0,False
2025-08-11T22:11:35.505432,SOLUSDT,sell,174.53,2.1671428571428573,-0.1066693199273764,0,-0.1,SELL,135728905438,0.008000000000001251,False
2025-08-11T22:11:37.309989,TRXUSDT,buy,0.3436,0.001371428571428571,0.0,180.0,0,SELL,15797138191,0.0,False
2025-08-11T22:11:38.586385,OPUSDT,sell,0.748,0.016000000000000014,-82.96344209859626,-24.8,-82.9,SELL,16688835469,0.0,False
2025-08-11T22:11:39.839097,DOGEUSDT,sell,0.22293,0.003733571428571431,-83.51050287949133,0.0,-83.0,SELL,79329283499,0.0,False
2025-08-11T22:14:03.693508,XRPUSDT,sell,3.1324,0.04325714285714292,-5.91710571817137,0.0,-5.9,SELL,115855489366,0.0,False
2025-08-11T22:14:04.475869,SOLUSDT,sell,174.53,2.1671428571428573,-0.10619802871483411,0.0,-0.1,SELL,135729352449,0.0,False
2025-08-11T22:14:05.223369,ADAUSDT,sell,0.7711,0.011528571428571435,-24.036755221890804,0.0,-24.0,SELL,56876376025,0.0,False
2025-08-11T22:14:06.012346,BNBUSDT,sell,801.06,7.722857142857159,-0.023137769894389933,0.0,-0.02,SELL,74147690341,0.0,False
2025-08-11T22:14:06.848797,TRXUSDT,buy,0.3435,0.0013785714285714315,53.9584918532751,0.0,53.0,BUY,15797159175,0.0,False
2025-08-11T22:14:46.792542,ADAUSDT,sell,0.7714,0.011528571428571435,-0.0,-24.0,0,BUY,56876388781,0.007199999999999207,False
2025-08-11T22:15:33.115755,TRXUSDT,buy,0.3434,0.0013785714285714315,53.97420486779266,116.0,54.0,SELL,15797172766,-0.006200000000002759,False
2025-08-11T22:15:33.871110,ARBUSDT,sell,0.4379,0.007728571428571434,-42.32642601415848,0.0,-42.3,SELL,12992938551,0.0,False
2025-08-11T22:16:12.365454,BNBUSDT,sell,801.47,7.722857142857159,-0.0,-0.02,0,BUY,74147744520,0.008200000000001637,False
2025-08-11T22:16:59.421204,ARBUSDT,sell,0.4389,0.007728571428571434,-42.22998849760766,-91.69999999999999,-42.29999999999999,BUY,12992950161,0.054722486368590215,False
2025-08-11T22:17:00.163744,OPUSDT,sell,0.749,0.016142857142857157,-24.74598391401869,0.0,-24.7,SELL,16688891834,0.0,False
2025-08-11T22:17:38.705760,TRXUSDT,buy,0.3436,0.0013857142857142876,0.0,54.0,0,SELL,15797193382,-0.0008000000000033536,False
2025-08-11T22:17:41.486896,DOGEUSDT,sell,0.22325,0.0037514285714285744,-83.02236036550951,0.0,-83.0,SELL,79329702709,0.0,False
2025-08-11T22:18:19.925796,ARBUSDT,sell,0.4387,0.007728571428571434,-0.0,-42.29999999999999,-0.09999999999998721,BUY,12992961211,0.09302922573608895,False
2025-08-11T22:18:20.709494,OPUSDT,sell,0.748,0.016142857142857157,-0.0,-24.7,-0.09999999999999787,BUY,16688909568,-0.024600000000000025,False
2025-08-11T22:18:21.940310,DOGEUSDT,sell,0.22315,0.0037514285714285744,-0.0,-83.0,0,BUY,79329744318,-0.00830000000000139,False
2025-08-11T22:18:23.088251,SPELLUSDT,buy,0.0005042,6.492857142857142e-06,36760.69407298691,0.0,36760.0,BUY,3550019895,0.0,False
2025-08-11T22:18:58.106540,XRPUSDT,sell,3.1341,0.04336428571428578,-0.0,-5.9,0,BUY,115856056161,0.010030000000000205,False
2025-08-11T22:19:00.487330,ADAUSDT,sell,0.7709,0.011528571428571435,-24.042991246076014,0,-24.0,SELL,56876468847,0.007199999999999207,False
2025-08-11T22:19:05.139235,SPELLUSDT,buy,0.0005037,6.492857142857142e-06,0.0,36760.0,0,SELL,3550020630,-0.018379999999998453,False
2025-08-11T22:19:06.634931,UNIUSDT,buy,10.954,0.27107142857142846,1.6920523965309473,0.0,1.0,BUY,27627477022,0.0,False
2025-08-11T22:19:46.105744,ADAUSDT,sell,0.7699,0.011528571428571435,-0.0,-24.0,0,BUY,56876487827,-0.016800000000000814,False
2025-08-11T22:19:46.844060,BNBUSDT,sell,799.99,7.722857142857159,-0.023168717048463103,0,-0.02,SELL,74147860502,0.008200000000001637,False
2025-08-11T22:19:51.120197,UNIUSDT,buy,10.92,0.2724285714285713,0.0,1.0,0,SELL,27627498825,-0.034000000000000696,False
2025-08-11T22:19:51.887728,NEARUSDT,sell,2.587,0.04171428571428569,-7.164569753227676,0.0,-7.0,SELL,29778607409,0.0,False
2025-08-11T22:20:26.202848,BNBUSDT,sell,799.83,7.727857142857163,-0.0,-0.02,0,BUY,74147888601,0.0050000000000022735,False
2025-08-11T22:20:31.413812,NEARUSDT,sell,2.587,0.04178571428571428,-0.0,-7.0,0,BUY,29778612665,0.0,False
2025-08-11T22:20:32.178487,APTUSDT,sell,4.521,0.07157142857142862,-4.0996996132714,0.0,-4.0,SELL,17164104901,0.0,False
2025-08-11T22:21:04.764181,SOLUSDT,sell,173.98,2.1864285714285723,-0.0,-0.05,0,BUY,135730526975,-0.04099999999999824,False
2025-08-11T22:21:49.869574,XRPUSDT,sell,3.1261,0.04359285714285721,-5.929030405809154,0,-5.9,SELL,115856439370,0.010030000000000205,False
2025-08-11T22:21:52.206283,TRXUSDT,buy,0.3429,0.0014214285714285735,0.0,27.0,0,SELL,15797244936,-0.00890000000000396,False
2025-08-11T22:21:55.630560,DOGEUSDT,sell,0.22193,0.0037935714285714317,-83.51616253593475,0,-83.0,SELL,79330034055,-0.00830000000000139,False
2025-08-11T22:21:59.018028,APTUSDT,buy,4.516,0.07200000000000006,0.0,-4.0,0,BUY,17164129354,-0.019999999999999574,False
2025-08-11T22:21:59.761113,RENDERUSDT,sell,3.706,0.06607142857142863,-3.3341863557474363,0.0,-3.3,SELL,2544276527,0.0,False
2025-08-11T22:22:36.195157,DOGEUSDT,sell,0.22179,0.0037935714285714317,-0.0,-83.0,0,BUY,79330091779,-0.019920000000001492,False
2025-08-11T22:22:37.479125,SPELLUSDT,buy,0.0005014,6.578571428571422e-06,24643.98610769844,0,24643.0,BUY,3550028080,-0.018379999999998453,False
2025-08-11T22:22:40.286439,RENDERUSDT,sell,3.704,0.06607142857142863,-0.0,-3.3,-0.09999999999999964,BUY,2544279433,-0.006399999999999295,False
2025-08-11T22:23:12.148065,XRPUSDT,sell,3.1224,0.04359285714285721,-0.0,-5.9,0,BUY,115856606881,-0.011800000000001323,False
2025-08-11T22:23:12.885191,SOLUSDT,sell,173.95,2.19,-0.07103474926358148,0,-0.07,SELL,135730938645,-0.04099999999999824,False
2025-08-11T22:28:50.300270,XRPUSDT,sell,3.1279,0.0437642857142858,-5.9270464301128545,0.0,-5.9,SELL,115857378642,0.0,False
2025-08-11T22:28:51.337474,SOLUSDT,sell,173.67,2.2235714285714283,-0.10674963165054413,0.0,-0.1,SELL,135732004364,0.0,False
2025-08-11T22:28:52.154224,ADAUSDT,sell,0.7688,0.011771428571428575,-24.114475193483344,0.0,-24.0,SELL,56876694558,0.0,False
2025-08-11T22:28:52.927909,BNBUSDT,sell,798.23,7.860000000000022,-0.02322539685147138,0.0,-0.02,SELL,74148120118,0.0,False
2025-08-11T22:28:53.724150,TRXUSDT,buy,0.3428,0.0014214285714285735,54.08170515971411,0.0,54.0,BUY,15797325663,0.0,False
2025-08-11T22:29:32.945614,ADAUSDT,sell,0.7694,0.011771428571428575,-0.0,-24.0,0,BUY,56876708753,0.014399999999998414,False
2025-08-11T22:29:35.219291,ARBUSDT,sell,0.4372,0.007835714285714291,-42.40441109046203,0.0,-42.4,SELL,12993084994,0.0,False
2025-08-11T22:30:14.426355,BNBUSDT,sell,797.65,7.860000000000022,-0.0,-0.02,0,BUY,74148151492,-0.011600000000000818,False
2025-08-11T22:30:17.218771,OPUSDT,sell,0.744,0.01642857142857144,-24.918291033266126,0.0,-24.9,SELL,16689080838,0.0,False
2025-08-11T22:30:55.637677,TRXUSDT,buy,0.3429,0.0014214285714285735,0.0,54.0,0,SELL,15797347890,0.005399999999999405,False
2025-08-11T22:30:58.211489,DOGEUSDT,sell,0.22186,0.003837857142857145,-83.56264549152615,0.0,-83.0,SELL,79330856778,0.0,False
2025-08-11T22:31:36.854985,ARBUSDT,sell,0.4348,0.00798571428571429,-0.0,-42.4,-0.10000000000000142,BUY,12993121002,-0.10151999999999821,False
2025-08-11T22:31:37.589416,OPUSDT,sell,0.744,0.01642857142857144,-0.0,-24.9,-0.09999999999999787,BUY,16689096315,2.7533531010703883e-15,False
2025-08-11T22:31:38.726363,DOGEUSDT,sell,0.22211,0.003837857142857145,-0.0,-83.0,0,BUY,79330922702,0.020749999999997715,False
2025-08-11T22:31:39.864493,SPELLUSDT,buy,0.0005023,6.6785714285714245e-06,24605.758217200873,0.0,24605.0,BUY,3550043246,0.0,False
2025-08-11T22:32:13.577305,XRPUSDT,sell,3.1313,0.0437642857142858,-0.0,-5.9,0,BUY,115857861309,0.020060000000003034,False
2025-08-11T22:32:14.787682,ADAUSDT,sell,0.7697,0.011771428571428575,-16.057518971677275,0,-16.0,SELL,56876764857,0.014399999999998414,False
2025-08-11T22:32:18.502929,SPELLUSDT,buy,0.000503,6.6785714285714245e-06,0.0,24605.0,0,SELL,3550044490,0.017223499999999083,False
2025-08-11T22:32:19.675104,UNIUSDT,buy,10.924,0.27592857142857125,1.131405378295496,0.0,1.0,BUY,27627778077,0.0,False
2025-08-11T22:32:53.019999,SOLUSDT,sell,174.01,2.2235714285714283,-0.0,-0.05,0,BUY,135732754501,0.023500000000001367,False
2025-08-11T22:32:54.153696,BNBUSDT,sell,799.02,7.860000000000022,-0.015468289094766087,0,-0.01,SELL,74148213840,-0.011600000000000818,False
2025-08-11T22:32:58.388961,UNIUSDT,buy,10.935,0.27592857142857125,0.0,1.0,0,SELL,27627793203,0.011000000000001009,False
2025-08-11T22:32:59.130859,NEARUSDT,sell,2.591,0.04235714285714286,-4.770155288498648,0.0,-4.0,SELL,29778709237,0.0,False
2025-08-11T22:33:32.553112,ADAUSDT,sell,0.7709,0.011771428571428575,-0.0,-16.0,0,BUY,56876789126,0.033599999999998076,False
2025-08-11T22:33:33.795814,TRXUSDT,buy,0.3432,0.0014214285714285735,36.01244857954545,0,36.0,BUY,15797374567,0.005399999999999405,False
2025-08-11T22:33:38.058893,NEARUSDT,sell,2.595,0.04235714285714286,-0.0,-4.0,0,BUY,29778713530,0.016000000000000014,False
2025-08-11T22:33:38.802134,APTUSDT,sell,4.526,0.07242857142857151,-2.730771620083959,0.0,-2.7,SELL,17164286482,0.0,False
2025-08-11T22:34:16.627673,BNBUSDT,sell,799.83,7.860000000000022,-0.0,-0.01,0,BUY,74148251192,-0.003500000000000227,False
2025-08-11T22:34:17.849299,ARBUSDT,sell,0.4365,0.00798571428571429,-141.57471194158074,-0.10000000000000142,-141.5,SELL,12993147109,-0.10151999999999821,False
2025-08-11T22:34:18.669482,OPUSDT,sell,0.747,0.01642857142857144,-16.545478383534135,-0.09999999999999787,-16.499999999999996,SELL,16689128218,2.7533531010703883e-15,False
2025-08-11T22:34:19.926445,DOGEUSDT,buy,0.22273,0.003837857142857145,55.49082904188928,0,55.0,BUY,79331115849,0.020749999999997715,False
2025-08-11T22:34:23.129121,APTUSDT,sell,4.526,0.07242857142857151,-0.0,-2.7,0,BUY,17164294500,0.0,False
2025-08-11T22:34:24.002157,RENDERUSDT,sell,3.726,0.06650000000000003,-3.3170886614331723,0.0,-3.3,SELL,2544341924,0.0,False
2025-08-11T22:34:57.398290,TRXUSDT,buy,0.3434,0.0014214285714285735,0.0,36.0,0,SELL,15797386139,0.012599999999998612,False
2025-08-11T22:34:58.130018,ARBUSDT,sell,0.4368,0.00798571428571429,-28.295495312499995,-141.5,-28.299999999999997,BUY,12993151167,-0.06761599999999485,False
2025-08-11T22:34:59.716182,DOGEUSDT,buy,0.22287,0.003837857142857145,277.27985714766453,55.0,277.0,BUY,79331156303,0.020749999999997715,False
2025-08-11T22:35:01.427514,SPELLUSDT,buy,0.0005044,6.6785714285714245e-06,24503.315528350515,0,24503.0,BUY,3550047905,0.017223499999999083,False
2025-08-11T22:35:04.097328,RENDERUSDT,sell,3.728,0.06650000000000003,-0.0,-3.3,-0.09999999999999964,BUY,2544344601,0.006400000000000717,False
2025-08-11T22:35:37.975239,ARBUSDT,sell,0.4372,0.00798571428571429,-0.0,-28.299999999999997,-0.09999999999999787,BUY,12993156712,-0.04788995053003059,False
2025-08-11T22:35:38.738539,OPUSDT,sell,0.748,0.01642857142857144,-0.0,-16.499999999999996,-0.09999999999999787,BUY,16689141378,0.016698181818184388,False
2025-08-11T22:35:41.170187,SPELLUSDT,buy,0.0005049,6.6785714285714245e-06,0.0,24503.0,0,SELL,3550049060,0.02947499999999805,False
2025-08-11T22:35:42.311042,UNIUSDT,buy,10.953,0.27592857142857125,1.1284097829361819,0,1.0,BUY,27627846098,0.011000000000001009,False
2025-08-11T22:36:21.338579,UNIUSDT,buy,10.953,0.27592857142857125,0.0,1.0,0,SELL,27627860205,0.011000000000001009,False
2025-08-11T22:36:22.102801,NEARUSDT,sell,2.599,0.04235714285714286,-4.755472240284724,0,-4.0,SELL,29778732097,0.016000000000000014,False
2025-08-11T22:37:01.909298,NEARUSDT,sell,2.599,0.04235714285714286,-0.0,-4.0,0,BUY,29778735305,0.016000000000000014,False
2025-08-11T22:37:02.660790,APTUSDT,sell,4.534,0.07242857142857151,-2.7259533199161887,0,-2.7,SELL,17164324290,0.0,False
2025-08-11T22:37:41.882325,APTUSDT,sell,4.536,0.07242857142857151,-0.0,-2.7,0,BUY,17164332842,0.005399999999999405,False
2025-08-11T22:37:42.611888,RENDERUSDT,sell,3.731,0.06650000000000003,-3.3126433536585362,-0.09999999999999964,-3.3,SELL,2544356983,0.006400000000000717,False
2025-08-11T22:38:14.301964,XRPUSDT,buy,3.1394,0.0437642857142858,3.9368899638465944,0,3.9,BUY,115858575816,0.020060000000003034,False
2025-08-11T22:38:21.602866,RENDERUSDT,sell,3.733,0.06650000000000003,-0.0,-3.3,-0.09999999999999964,BUY,2544359715,0.013284848484850897,False
2025-08-11T22:38:53.391128,XRPUSDT,buy,3.1401,0.0437642857142858,0.0,3.9,0,SELL,115858638341,0.022790000000001868,False
2025-08-11T22:38:54.230510,SOLUSDT,buy,174.62,2.2235714285714283,0.07077924838220134,0,0.07,BUY,135733836888,0.023500000000001367,False
2025-08-11T22:39:15.092483,XRPUSDT,buy,3.1396,0.0437642857142858,7.444392516299845,0.0,7.4,BUY,115858670027,0.0,False
2025-08-11T22:39:15.912177,SOLUSDT,buy,174.57,2.2235714285714283,0.13388563180486338,0.0,0.13,BUY,135733885339,0.0,False
2025-08-11T22:39:16.758065,ADAUSDT,sell,0.7719,0.011771428571428575,-30.279070791780022,0.0,-30.0,SELL,56876879023,0.0,False
2025-08-11T22:39:17.514433,BNBUSDT,sell,801.1,7.860000000000022,-0.029175402252122073,0.0,-0.02,SELL,74148371538,0.0,False
2025-08-11T22:39:18.281579,TRXUSDT,buy,0.3436,0.0014214285714285735,68.02216165359428,0.0,68.0,BUY,15797421502,0.0,False
2025-08-11T22:39:54.914048,XRPUSDT,buy,3.138,0.0437642857142858,0.0,7.4,0,SELL,115858761271,-0.011840000000001983,False
2025-08-11T22:39:56.076573,ADAUSDT,sell,0.7716,0.011771428571428575,-100.96947789949456,-30.0,-100.0,SELL,56876889382,0.0,False
2025-08-11T22:39:56.864534,BNBUSDT,sell,801.08,7.860000000000022,-0.09725376884612022,-0.02,-0.09000000000000001,SELL,74148386074,0.0,False
2025-08-11T22:40:35.469321,SOLUSDT,sell,174.25,2.2235714285714283,-0.0,0.13,0,SELL,135734150687,-0.04159999999999912,False
2025-08-11T22:40:38.463169,OPUSDT,sell,0.749,0.01642857142857144,-31.204826093691587,0.0,-31.2,SELL,16689193529,0.0,False
2025-08-11T22:41:14.497184,ADAUSDT,sell,0.7712,0.011771428571428575,-0.0,-100.0,0,BUY,56876915715,-0.048999999999999044,False
2025-08-11T22:41:15.772253,TRXUSDT,buy,0.3436,0.0014214285714285735,226.7405388453143,68.0,226.0,BUY,15797438712,0.0,False
2025-08-11T22:41:19.013756,DOGEUSDT,sell,0.22256,0.003837857142857145,-70.01082777430804,0.0,-70.0,SELL,79331596480,0.0,False
2025-08-11T22:41:55.086733,BNBUSDT,sell,800.79,7.860000000000022,-0.0,-0.09000000000000001,-1.3877787807814457e-17,BUY,74148432024,-0.026500000000013416,False
2025-08-11T22:41:55.824510,TRXUSDT,buy,0.3435,0.0014214285714285735,45.36130954716157,226.0,46.0,SELL,15797444729,-0.01800000000000801,False
2025-08-11T22:41:56.525348,ARBUSDT,sell,0.4358,0.00798571428571429,-178.77019079222117,-26.7,-178.7,SELL,12993213282,0.0,False
2025-08-11T22:41:57.237793,OPUSDT,sell,0.748,0.01642857142857144,-104.1551459187834,-31.2,-104.10000000000001,SELL,16689208599,0.0,False
2025-08-11T22:42:37.434453,SOLUSDT,sell,174.14,2.2235714285714283,-0.08947748839697944,0,-0.08,SELL,135734535921,-0.04159999999999912,False
2025-08-11T22:42:39.041616,TRXUSDT,buy,0.3435,0.0014214285714285735,0.0,46.0,0,SELL,15797451609,-0.022600000000010056,False
2025-08-12T06:02:55.088309,XRPUSDT,sell,3.1453,0.030978571428571394,-7.4148863997949315,0.0,-7.4,SELL,115902497453,0.0,False
2025-08-12T06:02:55.837008,SOLUSDT,sell,174.98,1.491428571428569,-0.13328404499528518,0.0,-0.13,SELL,135799164210,0.0,False
2025-08-12T06:02:56.585251,ADAUSDT,sell,0.7779,0.008592857142857164,-29.980771555823367,0.0,-29.0,SELL,56884852264,0.0,False
2025-08-12T06:03:04.224422,SPELLUSDT,sell,0.0005065,5.2142857142857015e-06,-46045.492977838105,0.0,-46045.0,SELL,3550500147,0.0,False
2025-08-12T06:03:38.496723,XRPUSDT,sell,3.1456,0.030978571428571394,-0.0,-7.4,0,BUY,115902551134,0.002220000000001399,False
2025-08-12T06:04:23.510712,XRPUSDT,sell,3.145,0.030978571428571394,-7.415593702154213,0,-7.4,SELL,115902596227,0.002220000000001399,False
2025-08-12T06:04:24.240014,SOLUSDT,sell,174.99,1.491428571428569,-0.0,-0.13,0,BUY,135799302418,0.0013000000000025125,False
2025-08-12T06:04:26.099471,TRXUSDT,buy,0.347,0.0013642857142857107,67.21049623422189,0.0,67.0,BUY,15801456672,0.0,False
2025-08-12T06:04:26.837366,ARBUSDT,sell,0.4395,0.006171428571428573,-0.0,-26.5,0,BUY,12996240281,-0.002649999999999708,False
2025-08-12T06:05:05.429398,ADAUSDT,sell,0.7783,0.00860000000000002,-0.0,-29.0,0,BUY,56884885924,0.011599999999998722,False
2025-08-12T06:05:07.671879,ARBUSDT,sell,0.4392,0.006171428571428573,-53.10118896465164,0,-53.1,SELL,12996244317,-0.002649999999999708,False
2025-08-12T06:05:08.410242,OPUSDT,sell,0.751,0.012785714285714298,-0.0,-15.5,0,BUY,16693356888,0.0,False
2025-08-12T06:05:48.260554,TRXUSDT,buy,0.347,0.0013642857142857107,0.0,67.0,0,SELL,15801463034,0.0,False
2025-08-12T06:06:30.892256,XRPUSDT,sell,3.1396,0.031171428571428534,-24.761160862609884,-7.4,-24.700000000000003,SELL,115902746079,0.002220000000001399,False
2025-08-12T06:06:31.622417,SOLUSDT,sell,174.74,1.4971428571428558,-0.13346710651982943,0,-0.13,SELL,135799559382,0.0013000000000025125,False
2025-08-12T06:06:34.120640,ARBUSDT,sell,0.4387,0.006214285714285716,-0.0,-115.1,-0.09999999999999432,BUY,12996252565,-0.04156615986100132,False
2025-08-12T06:06:35.981071,DOGEUSDT,sell,0.2235,0.0028421428571428604,-0.0,-52.0,0,BUY,79357872188,-0.015599999999998282,False
2025-08-12T06:06:36.701732,LTCUSDT,sell,119.19,1.4757142857142864,-0.19567113174993708,0.0,-0.195,SELL,37957850644,0.0,False
2025-08-12T06:06:37.437354,SPELLUSDT,sell,0.0005056,5.221428571428555e-06,-0.0,-46045.0,0,BUY,3550503010,-0.04144049999999851,False
2025-08-12T06:06:39.046123,UNIUSDT,buy,11.246,0.21457142857142866,2.0738077710541525,0.0,2.0,BUY,27637018289,0.0,False
2025-08-12T06:07:13.515398,SOLUSDT,sell,174.83,1.4971428571428558,-0.0,-0.13,0,BUY,135799617189,0.013000000000002957,False
2025-08-12T06:07:14.515918,ADAUSDT,sell,0.7776,0.008607142857142877,-29.992338211516202,0,-29.0,SELL,56884921123,0.011599999999998722,False
2025-08-12T06:07:18.704058,LTCUSDT,buy,119.27,1.4757142857142864,0.0,-0.195,0,BUY,37957857866,0.015599999999999668,False
2025-08-12T06:07:19.474417,SPELLUSDT,sell,0.0005058,5.221428571428555e-06,-46109.217463967965,0,-46109.0,SELL,3550503608,-0.04144049999999851,False
2025-08-12T06:07:20.701962,UNIUSDT,buy,11.238,0.21457142857142866,0.0,2.0,0,SELL,27637029046,-0.01600000000000179,False
2025-08-12T06:07:21.558805,NEARUSDT,sell,2.602,0.029499999999999953,-5.9754143462144516,0.0,-5.0,SELL,29780904032,0.0,False
2025-08-12T06:07:59.815944,XRPUSDT,sell,3.1448,0.031171428571428534,-0.0,-24.700000000000003,-3.552713678800501e-15,BUY,115902862428,0.09070000000000564,False
2025-08-12T06:08:00.698785,SOLUSDT,sell,174.89,1.499285714285713,-0.08890175612585055,0,-0.08,SELL,135799724689,0.013000000000002957,False
2025-08-12T06:08:01.490247,ADAUSDT,sell,0.7779,0.008607142857142877,-0.0,-29.0,0,BUY,56884934880,0.020300000000000984,False
2025-08-12T06:08:02.771963,TRXUSDT,buy,0.3469,0.0013642857142857107,44.81991389117902,0,44.0,BUY,15801478504,0.0,False
2025-08-12T06:08:07.926974,NEARUSDT,sell,2.605,0.029499999999999953,-0.0,-5.0,0,BUY,29780908638,0.015000000000000568,False
2025-08-12T06:08:08.673817,APTUSDT,sell,4.562,0.0517857142857142,-3.4081604841845685,0.0,-3.4,SELL,17167862862,0.0,False
2025-08-12T06:08:41.068557,SOLUSDT,sell,174.84,1.499285714285713,-0.0,-0.08,0,BUY,135799799979,0.00900000000000432,False
2025-08-12T06:09:24.836678,XRPUSDT,sell,3.1403,0.031171428571428534,-24.755641385934464,-3.552713678800501e-15,-24.700000000000003,SELL,115902962876,0.09070000000000564,False
2025-08-12T06:09:27.460201,TRXUSDT,buy,0.3469,0.0013642857142857107,0.0,44.0,0,SELL,15801484733,0.0,False
2025-08-12T06:09:28.344233,ARBUSDT,sell,0.4386,0.006221428571428572,-177.2461027000684,-0.09999999999999432,-177.2,SELL,12996268211,-0.04156615986100132,False
2025-08-12T06:09:29.243271,OPUSDT,sell,0.751,0.012857142857142869,-20.70310003841545,0,-20.7,SELL,16693395030,0.0,False
2025-08-12T06:09:34.843612,APTUSDT,sell,4.557,0.0517857142857142,-0.0,-3.4,0,BUY,17167870961,-0.016999999999999637,False
2025-08-12T06:09:35.668097,RENDERUSDT,sell,3.738,0.04714285714285712,-4.159451077808989,0.0,-4.1,SELL,2545879258,0.0,False
2025-08-12T06:10:10.299869,ARBUSDT,sell,0.4386,0.006221428571428572,-0.0,-177.2,-0.09999999999999432,BUY,12996272473,-0.04160997525952264,False
2025-08-12T06:10:11.102454,OPUSDT,sell,0.751,0.012857142857142869,-0.0,-20.7,-0.09999999999999787,BUY,16693401391,0.0,False
2025-08-12T06:10:13.231352,SPELLUSDT,sell,0.0005054,5.242857142857131e-06,-0.0,-46109.0,0,BUY,3550505995,-0.05988409999999896,False
2025-08-12T06:10:14.562199,UNIUSDT,buy,11.231,0.2150000000000001,1.384385017260262,0,1.0,BUY,27637076941,-0.01600000000000179,False
2025-08-12T06:10:16.180828,RENDERUSDT,sell,3.736,0.04721428571428569,-0.0,-4.1,-0.09999999999999964,BUY,2545881378,-0.007999999999999119,False
2025-08-12T08:46:58.951209,DOGEUSDT,buy,0.225,0.0029128571428571454,30.895525428599992,0.0,30.0,BUY,79367588890,0.0,False
2025-08-12T08:54:40.812014,TRXUSDT,buy,0.3468,0.0014857142857142847,20.044674802292384,0.0,20.0,BUY,15802805454,0.0,False
2025-08-12T09:29:50.971738,SOLUSDT,buy,175.14,1.4485714285714286,0.039678337251798555,0.0,0.03,BUY,135829610632,0.0,False
2025-08-12T09:29:56.337628,TRXUSDT,buy,0.3467,0.0014642857142857155,20.044026496336887,0.0,20.0,BUY,15803110742,0.0,False
2025-08-12T09:29:59.125300,ARBUSDT,buy,0.4412,0.00643571428571429,15.750824991568448,0.0,15.7,BUY,12997594018,0.0,False
2025-08-12T09:30:04.574196,DOGEUSDT,buy,0.22329,0.0026714285714285746,31.122146026602174,0.0,31.0,BUY,79370638646,0.0,False
2025-08-12T09:30:08.321078,SPELLUSDT,buy,0.0005084,5.428571428571429e-06,13668.890610306842,0.0,13668.0,BUY,3550712161,0.0,False
2025-08-12T09:34:02.338647,SOLUSDT,buy,174.68,1.4485714285714286,0.0,0.03,0,SELL,135830354152,-0.013799999999999386,False
2025-08-12T09:42:39.441613,TRXUSDT,buy,0.347,0.0014785714285714283,20.01757752447406,0.0,20.0,BUY,15803222538,0.0,False
2025-08-12T09:45:18.259914,SOLUSDT,buy,175.0,1.4485714285714286,0.03969199657709999,0.0,0.03,BUY,135832174911,0.0,False
2025-08-12T09:45:28.361491,ARBUSDT,buy,0.4394,0.006521428571428575,15.808146110588298,0.0,15.8,BUY,12997697760,0.0,False
2025-08-12T09:45:35.057011,DOGEUSDT,buy,0.22289,0.0026714285714285746,31.16380008521019,0.0,31.0,BUY,79371649916,0.0,False
2025-08-12T09:45:38.801970,SPELLUSDT,buy,0.0005079,5.435714285714282e-06,13676.116166553451,0.0,13676.0,BUY,3550726070,0.0,False
2025-08-12T09:46:48.442780,TRXUSDT,buy,0.347,0.0014785714285714283,0.0,20.0,0,SELL,15803249188,0.0,False
2025-08-12T09:47:10.062667,NEARUSDT,buy,2.608,0.029142857142857075,2.6633816721597006,0.0,2.0,BUY,29781956275,0.0,False
2025-08-12T09:49:29.301400,SOLUSDT,buy,174.91,1.4485714285714286,0.0,0.03,0,SELL,135832727102,-0.002700000000000102,False
2025-08-12T09:50:00.016011,APTUSDT,buy,4.543,0.04978571428571429,1.5289675106741138,0.0,1.5,BUY,17169713620,0.0,False
2025-08-12T09:51:09.529202,SPELLUSDT,buy,0.0005079,5.435714285714282e-06,0.0,13676.0,0,SELL,3550729973,0.0,False
2025-08-12T09:51:26.161656,RENDERUSDT,buy,3.748,0.045071428571428554,1.8532815904462376,0.0,1.8,BUY,2546611912,0.0,False
2025-08-12T09:52:41.275525,NEARUSDT,buy,2.607,0.029142857142857075,0.0,2.0,0,SELL,29781983769,-0.0019999999999997797,False
2025-08-12T09:52:50.040231,OPUSDT,buy,0.75,0.013214285714285725,9.26146586799,0.0,9.2,BUY,16695498611,0.0,False
2025-08-12T09:54:02.232816,APTUSDT,buy,4.54,0.04992857142857148,0.0,1.5,0,SELL,17169744345,-0.0045000000000001705,False
2025-08-12T09:54:11.289788,XRPUSDT,buy,3.1323,0.02651428571428568,2.2175715611507516,0.0,2.2,BUY,115926031132,0.0,False
2025-08-12T09:55:25.807769,RENDERUSDT,buy,3.737,0.045071428571428554,0.0,1.8,0,SELL,2546623921,-0.019800000000000217,False
2025-08-12T09:55:36.125840,ADAUSDT,buy,0.7731,0.008342857142857152,8.984735999214202,0.0,8.0,BUY,56889032894,0.0,False
2025-08-12T09:58:03.487713,XRPUSDT,buy,3.1252,0.026885714285714242,0.0,2.2,0,SELL,115926521387,-0.015619999999999747,False
2025-08-12T09:58:52.422858,SOLUSDT,buy,174.55,1.4599999999999997,0.039776673916585494,0.0,0.03,BUY,135834076165,0.0,False
2025-08-12T09:58:57.314609,TRXUSDT,buy,0.3469,0.001492857142857145,20.014466509484,0.0,20.0,BUY,15803335877,0.0,False
2025-08-12T09:59:02.015136,ARBUSDT,buy,0.4378,0.006542857142857148,15.85888175454545,0.0,15.8,BUY,12997781897,0.0,False
2025-08-12T09:59:07.972723,DOGEUSDT,buy,0.22207,0.0026892857142857174,31.264999469266442,0.0,31.0,BUY,79372494425,0.0,False
2025-08-12T09:59:10.749564,SPELLUSDT,buy,0.0005063,5.435714285714282e-06,13713.24991534663,0.0,13713.0,BUY,3550737443,0.0,False
2025-08-12T10:02:36.413003,SOLUSDT,buy,174.52,1.3885714285714263,0.0,0.03,0,SELL,135834654280,-0.000900000000000034,False
2025-08-12T10:03:01.370039,NEARUSDT,buy,2.587,0.02871428571428566,2.6838107584615374,0.0,2.0,BUY,29782031214,0.0,False
2025-08-12T10:03:58.385943,TRXUSDT,buy,0.3465,0.0014642857142857155,0.0,20.0,0,SELL,15803378888,-0.00800000000000023,False
2025-08-12T10:04:18.323360,APTUSDT,buy,4.524,0.04885714285714287,1.534707876246684,0.0,1.5,BUY,17169831029,0.0,False
2025-08-12T10:05:24.981822,SPELLUSDT,buy,0.0005038,5.428571428571421e-06,0.0,13713.0,0,SELL,3550744984,-0.03428250000000009,False
2025-08-12T10:05:39.531752,RENDERUSDT,buy,3.714,0.04435714285714286,1.8694179946526652,0.0,1.8,BUY,2546662343,0.0,False
2025-08-12T10:06:50.310646,NEARUSDT,buy,2.589,0.028928571428571383,0.0,2.0,0,SELL,29782058869,0.0039999999999995595,False
2025-08-12T10:06:58.770649,OPUSDT,buy,0.744,0.013142857142857154,9.332014021693546,0.0,9.3,BUY,16695634309,0.0,False
2025-08-12T10:08:09.480213,APTUSDT,buy,4.523,0.04921428571428572,0.0,1.5,0,SELL,17169875164,-0.001500000000000501,False
2025-08-12T10:08:18.060704,XRPUSDT,buy,3.1195,0.02560714285714278,2.225683100541753,0.0,2.2,BUY,115927695197,0.0,False
2025-08-12T10:09:30.231112,RENDERUSDT,buy,3.721,0.04435714285714286,0.0,1.8,0,SELL,2546675665,0.012600000000000212,False
2025-08-12T10:09:41.028707,ADAUSDT,buy,0.7714,0.00827142857142858,9.000542432123412,0.0,9.0,BUY,56889320512,0.0,False
2025-08-12T10:12:17.127415,XRPUSDT,buy,3.1124,0.025742857142857067,0.0,2.2,0,SELL,115928246741,-0.015619999999999747,False
2025-08-12T10:12:59.157395,SOLUSDT,buy,174.15,1.423571428571427,0.039868035786046495,0,0.03,BUY,135836389725,-0.000900000000000034,False
2025-08-12T10:17:20.397730,SOLUSDT,buy,174.02,1.4314285714285708,0.0,0.03,0,SELL,135837172440,-0.004799999999999898,False
2025-08-12T10:17:27.315113,TRXUSDT,buy,0.3465,0.0014642857142857155,20.03757123272727,0,20.0,BUY,15803508610,-0.00800000000000023,False
2025-08-12T10:21:37.676095,TRXUSDT,buy,0.3463,0.0014714285714285719,0.0,20.0,0,SELL,15803544308,-0.011999999999999789,False
2025-08-12T10:21:50.497319,SPELLUSDT,buy,0.000505,5.45714285714285e-06,13748.551350772272,0,13748.0,BUY,3550762912,-0.03428250000000009,False
2025-08-12T10:25:50.355073,SPELLUSDT,buy,0.0005053,5.45714285714285e-06,0.0,13748.0,0,SELL,3550766587,-0.030158100000000736,False
2025-08-12T10:26:05.003143,OPUSDT,buy,0.747,0.013142857142857154,103.27262281927709,9.3,103.2,BUY,16695835628,0.0,False
2025-08-12T10:26:13.377340,ADAUSDT,buy,0.7745,0.008335714285714295,99.60574466881857,9.0,99.0,BUY,56889691449,0.0,False
2025-08-12T10:26:57.241048,ARBUSDT,buy,0.4385,0.006471428571428572,175.92850455188136,15.8,175.9,BUY,12997989563,0.0,False
2025-08-12T10:29:55.379557,OPUSDT,buy,0.745,0.013142857142857154,6.212991885583892,103.2,6.299999999999997,SELL,16695870783,-0.16760319767442655,False
2025-08-12T10:52:30.088815,SOLUSDT,buy,174.94,1.462142857142857,0.03967162736931233,0.0,0.03,BUY,135842550884,0.0,False
2025-08-12T10:52:39.170994,TRXUSDT,buy,0.3458,0.0015428571428571433,20.06985104681174,0.0,20.0,BUY,15803871716,0.0,False
2025-08-12T10:52:42.203085,ARBUSDT,buy,0.4385,0.006514285714285718,15.827034189253135,0.0,15.8,BUY,12998163744,0.0,False
2025-08-12T10:52:49.824842,DOGEUSDT,buy,0.22121,0.0027157142857142896,31.3736019709213,0.0,31.0,BUY,79376637026,0.0,False
2025-08-12T10:52:53.349419,SPELLUSDT,buy,0.0005049,5.45714285714285e-06,13745.602083556152,0.0,13745.0,BUY,3550792730,0.0,False
2025-08-12T10:56:36.253530,SOLUSDT,buy,174.74,1.462142857142857,0.0,0.03,0,SELL,135843260339,-0.005999999999999658,False
2025-08-12T10:57:02.261491,NEARUSDT,buy,2.591,0.029499999999999953,2.678562135078155,0.0,2.0,BUY,29782302485,0.0,False
2025-08-12T10:58:04.603999,TRXUSDT,buy,0.3457,0.0015428571428571433,0.0,20.0,0,SELL,15803917105,-0.0019999999999997797,False
2025-08-12T10:58:31.596063,APTUSDT,buy,4.51,0.05021428571428573,1.5388369161834814,0.0,1.5,BUY,17170327352,0.0,False
2025-08-12T10:59:42.573795,SPELLUSDT,buy,0.0005035,5.471428571428565e-06,0.0,13745.0,0,SELL,3550799234,-0.019242999999998976,False
2025-08-12T10:59:59.717046,RENDERUSDT,buy,3.717,0.045214285714285714,1.8671386849576268,0.0,1.8,BUY,2546869498,0.0,False
2025-08-12T11:01:15.259020,NEARUSDT,buy,2.586,0.025285714285714262,0.0,2.0,0,SELL,29782320934,-0.010000000000000675,False
2025-08-12T11:01:24.363547,OPUSDT,buy,0.743,0.009714285714285722,9.340719370104308,0.0,9.3,BUY,16696162742,0.0,False
